-- phpMyAdmin SQL Dump
-- version 5.1.1
-- https://www.phpmyadmin.net/
--
-- Host: localhost
-- Generation Time: Dec 11, 2022 at 06:18 AM
-- Server version: 8.0.27
-- PHP Version: 7.4.25

SET SQL_MODE = "NO_AUTO_VALUE_ON_ZERO";
START TRANSACTION;
SET time_zone = "+00:00";


/*!40101 SET @OLD_CHARACTER_SET_CLIENT=@@CHARACTER_SET_CLIENT */;
/*!40101 SET @OLD_CHARACTER_SET_RESULTS=@@CHARACTER_SET_RESULTS */;
/*!40101 SET @OLD_COLLATION_CONNECTION=@@COLLATION_CONNECTION */;
/*!40101 SET NAMES utf8mb4 */;

--
-- Database: `rekap_nilai`
--

-- --------------------------------------------------------

--
-- Stand-in structure for view `data_rekap`
-- (See below for the actual view)
--
CREATE TABLE `data_rekap` (
`id` bigint
,`jurusan` varchar(50)
,`kelas` enum('X','XI','XII')
,`mapel` varchar(50)
,`nama` int
,`nisn` int
,`no_kelas` enum('1','2','3','4')
,`rata_rata` float
,`total_jawaban_B` int
,`total_jawaban_S` int
);

-- --------------------------------------------------------

--
-- Table structure for table `jurusan`
--

CREATE TABLE `jurusan` (
  `id` bigint NOT NULL,
  `jurusan` varchar(50) DEFAULT NULL
) ENGINE=InnoDB DEFAULT CHARSET=latin1;

--
-- Dumping data for table `jurusan`
--

INSERT INTO `jurusan` (`id`, `jurusan`) VALUES
(1, 'REKAYASA PERANGKAT LUNAK'),
(2, 'AKUNTANSI'),
(3, 'MULTIMEDIA'),
(4, 'TEKNIK KOMPUTER DAN JARINGAN'),
(5, 'BISNIS DARING'),
(6, 'DESAIN KOMUNIKASI VISUAL'),
(7, 'LAYANAN PERBANKAN'),
(8, 'MANAJEMEN PERKANTORAN'),
(9, 'PRODUKSI DAN SIARAN PROGRAM TELEVISI'),
(10, 'AKUNTANSI DAN KEUANGAN LEMBAGA'),
(11, 'BISNIS DARING DAN PEMASARAN'),
(12, 'OTOMATISASI DAN TATA KELOLA PERKANTORAN'),
(13, 'PERBANKAN DAN KEUANGAN MIKRO'),
(14, 'PRODUKSI FILM'),
(15, 'DESAIN KOMUNIKASI VISUAL');

-- --------------------------------------------------------

--
-- Table structure for table `mapel`
--

CREATE TABLE `mapel` (
  `id` bigint NOT NULL,
  `mapel` varchar(50) DEFAULT NULL,
  `kode_mapel` int NOT NULL
) ENGINE=InnoDB DEFAULT CHARSET=latin1;

--
-- Dumping data for table `mapel`
--

INSERT INTO `mapel` (`id`, `mapel`, `kode_mapel`) VALUES
(60, 'ADMINISTRASI INFRASTRUKTUR JARINGAN', 802020910),
(61, 'ADMINISTRASI PAJAK', 401251060),
(62, 'ADMINISTRASI SISTEM JARINGAN', 802020920),
(63, 'ADMINISTRASI TRANSAKSI', 401251360),
(64, 'AKUNTANSI KEUANGAN', 401251030),
(65, 'AKUNTANSI PERBANKAN DAN KEUANGAN MIKRO', 401251190),
(66, 'ANIMASI', 802033200),
(67, 'BAHASA INDONESIA', 300110000),
(68, 'BAHASA INGGRIS', 300210000),
(69, 'BASIS DATA', 802020400),
(70, 'BISNIS ONLINE', 401251500),
(71, 'DASAR DASAR AKUNTANSI DAN KEUANGAN LEMBAGA', 800000139),
(72, 'DASAR DASAR BROADCASTING DAN PERFILMAN', 800000148),
(73, 'DASAR DASAR DESAIN KOMUNIKASI VISUAL', 800000145),
(74, 'DASAR DASAR MANAJEMEN PERKANTORAN DAN LAYANAN BISN', 800000138),
(75, 'DASAR DASAR PEMASARAN', 800000137),
(76, 'DASAR DASAR PENGEMBANGAN PERANGKAT LUNAK DAN GIM', 800000121),
(77, 'DASAR DASAR TEKNIK JARINGAN KOMPUTER DAN TELEKOMUN', 800000122),
(78, 'DESAIN GRAFIS PERCETAKAN', 700115100),
(79, 'DESIGN MEDIA INTERAKTIF', 802032900),
(80, 'EDITING', 802040300),
(81, 'EDITING AUDIO DAN VIDEO', 803061100),
(82, 'INFORMATIKA', 700106100),
(83, 'KAMERA, PENCAHAYAAN DAN TATA SUARA', 824060400),
(84, 'KOMPUTER AKUNTANSI ', 401251040),
(85, 'LAYANAN LEMBAGA PERBANKAN DAN KEUANGAN MIKRO', 401251130),
(86, 'MANAJEMEN PRODUKSI, NASKAH DAN PENYUTRADARAAN', 824060500),
(87, 'MATEMATIKA (UMUM)', 401000000),
(88, 'MUATAN LOKAL BAHASA DAERAH', 300311900),
(89, 'OTOMATISASI TATA KELOLA HUMAS DAN KEPROTOKOLAN', 828100200),
(90, 'OTOMATISASI TATA KELOLA KEPEGAWAIAN', 828070200),
(91, 'OTOMATISASI TATA KELOLA KEUANGAN', 828080200),
(92, 'OTOMATISASI TATA KELOLA SARANA DAN PRASARANA', 828090200),
(93, 'PEMODELAN PERANGKAT LUNAK', 802020300),
(94, 'PEMROGRAMAN BERORIENTASI OBYEK', 802010400),
(95, 'PEMROGRAMAN WEB DAN PERANGKAT BERGERAK', 802010710),
(96, 'PENATAAN PRODUK', 401251380),
(97, 'PENDIDIKAN AGAMA ISLAM DAN BUDI PEKERTI', 100011070),
(98, 'PENDIDIKAN JASMANI, OLAHRAGA, DAN KESEHATAN', 500010000),
(99, 'PENDIDIKAN PANCASILA', 200010300),
(100, 'PENDIDIKAN PANCASILA DAN KEWARGANEGARAAN ', 200010000),
(101, 'PENGELOLAAN BISNIS RITEL', 401251240),
(102, 'PENGELOLAAN KAS', 401251160),
(103, 'PRAKTIKUM AKUNTANSI LEMBAGA/INSTANSI PEMERINTAH', 401251180),
(104, 'PRAKTIKUM AKUNTANSI PERUSAHAAN JASA, DAGANG DAN MA', 401251150),
(105, 'PRODUK KREATIF DAN KEWIRAUSAHAAN', 600070100),
(106, 'PROJECT PENGUATAN PROFIL PELAJAR PANCASILA', 200040000),
(107, 'PROJEK IPAS', 401901000),
(108, 'SEJARAH', 401230000),
(109, 'SENI RUPA', 700121000),
(110, 'TATA ARTISTIK', 843090600),
(111, 'TATA KAMERA', 824051400),
(112, 'TATA SUARA', 843120300),
(113, 'TEKNIK ANIMASI 2D DAN 3D', 802033100),
(114, 'TEKNOLOGI JARINGAN BERBASIS LUAS (WAN)', 802021800),
(115, 'TEKNOLOGI LAYANAN JARINGAN', 802021900),
(116, 'TEKNOLOGI PENGOLAHAN AUDIO DAN VIDEO', 802032110),
(117, 'VISUAL EFFECT', 824051500);

-- --------------------------------------------------------

--
-- Table structure for table `rekap`
--

CREATE TABLE `rekap` (
  `id` bigint NOT NULL,
  `id_mapel` bigint NOT NULL,
  `id_siswa` bigint NOT NULL,
  `total_jawaban_B` int NOT NULL,
  `total_jawaban_S` int NOT NULL,
  `rata_rata` float NOT NULL
) ENGINE=InnoDB DEFAULT CHARSET=latin1;

-- --------------------------------------------------------

--
-- Table structure for table `siswa`
--

CREATE TABLE `siswa` (
  `id` bigint NOT NULL,
  `nama` varchar(30) NOT NULL,
  `nisn` int NOT NULL,
  `no_peserta` int NOT NULL,
  `kelas` enum('X','XI','XII') NOT NULL,
  `no_kelas` enum('1','2','3','4') DEFAULT NULL,
  `id_jurusan` bigint NOT NULL
) ENGINE=InnoDB DEFAULT CHARSET=latin1;

--
-- Dumping data for table `siswa`
--

INSERT INTO `siswa` (`id`, `nama`, `nisn`, `no_peserta`, `kelas`, `no_kelas`, `id_jurusan`) VALUES
(379, 'ANY DWI YUNITA PUTRI', 61270095, 1, 'X', '1', 8),
(380, 'CITRA ULFIA ZAHRO', 69803839, 2, 'X', '1', 8),
(381, 'DESI INTAN ANGGRAENI', 65244719, 3, 'X', '1', 8),
(382, 'DIAH LESTARI ADININGSIH', 62278328, 4, 'X', '1', 8),
(383, 'DWI FEMMY NURIL ADINDA', 73588717, 5, 'X', '1', 8),
(384, 'FAIZ MAULANA ISHAQ', 69248362, 6, 'X', '1', 8),
(385, 'ITA APRILIA', 61403732, 7, 'X', '1', 8),
(386, 'JELITA DWI SEPTIANTI', 52220552, 8, 'X', '1', 8),
(387, 'KARINA NUR AINI', 139410396, 9, 'X', '1', 8),
(388, 'KHALIFAH SELA ARTANTI', 63997730, 10, 'X', '1', 8),
(389, 'LAILATUL MAGHFIROH', 64641896, 11, 'X', '1', 8),
(390, 'MOCHAMAD ZAINUR RIDWAN', 72068150, 12, 'X', '1', 8),
(391, 'MOCHAMMAD FARHAN SEPTIANSYAH', 69355611, 13, 'X', '1', 8),
(392, 'MOHAMMAD IQBAL HIBATULLAH', 54026060, 14, 'X', '1', 8),
(393, 'MUDRIKA SALSABILAH', 77899721, 15, 'X', '1', 8),
(394, 'NASHIFAH ROSYADAH FAIQ', 64814512, 16, 'X', '1', 8),
(395, 'NIDA PUTRI AAFIAH', 63328131, 17, 'X', '1', 8),
(396, 'NURAFNI LAILIYAH', 64431860, 18, 'X', '1', 8),
(397, 'QONITAH LAILAH HAADIAH RAMADHA', 2147483647, 19, 'X', '1', 8),
(398, 'RANIAH SAHDA MAUIZAH', 64949397, 20, 'X', '1', 8),
(399, 'REGINA PUTRI DWI MARDAH', 62435310, 21, 'X', '1', 8),
(400, 'RETA AULIA KARTIKA', 72930148, 22, 'X', '1', 8),
(401, 'REVA CITRA APRILIA', 64220370, 23, 'X', '1', 8),
(402, 'RIANG ANIS SORAYA', 71967865, 24, 'X', '1', 8),
(403, 'RINI PRATIWI SAHADATIN', 65561644, 25, 'X', '1', 8),
(404, 'SALSABILA RENATA TANTRI', 64569939, 26, 'X', '1', 8),
(405, 'SHOLEHATUN NUR AYU WULANDARI', 83780220, 27, 'X', '1', 8),
(406, 'SITI NURAINI', 64489779, 28, 'X', '1', 8),
(407, 'WENDY KURNIA DIRLIYANTIN', 73849425, 29, 'X', '1', 8),
(408, 'YENI SINTA WATI', 62968149, 30, 'X', '1', 8),
(409, 'YUNITA WULANSARI DEWI', 75860439, 31, 'X', '1', 8),
(410, 'ABDUL WAHAB SAHRONI', 69724971, 32, 'X', '2', 8),
(411, 'AMIRAH QONITA', 64901153, 33, 'X', '2', 8),
(412, 'ANA DWI WAHYUNI', 66722304, 34, 'X', '2', 8),
(413, 'AVRILIA DWI NUR AZIZAH', 69551724, 35, 'X', '2', 8),
(414, 'BELLA APRILIA', 73211689, 36, 'X', '2', 8),
(415, 'BINTANG RASYA ILHAMI PUTRA WID', 61492450, 37, 'X', '2', 8),
(416, 'CANDRA NUR SEPTIANSYAH', 68876737, 38, 'X', '2', 8),
(417, 'CLAUDIA CLARA ARTA NOVIA ', 65229684, 39, 'X', '2', 8),
(418, 'DERYL WIDODO', 63549937, 40, 'X', '2', 8),
(419, 'DION AGUS PRAWOTO', 63400999, 41, 'X', '2', 8),
(420, 'ELISA DIANA', 63548852, 42, 'X', '2', 8),
(421, 'FADIL RHOMADHONA', 62963329, 43, 'X', '2', 8),
(422, 'FITRIYAH LUBIS', 63543088, 44, 'X', '2', 8),
(423, 'INDRI FITRIYANI', 64405752, 45, 'X', '2', 8),
(424, 'INTAN SUCI WARDANI', 71936327, 46, 'X', '2', 8),
(425, 'LASMI NINGSIH', 65430140, 47, 'X', '2', 8),
(426, 'LATFAN HABIBI', 67511688, 48, 'X', '2', 8),
(427, 'LIA NUR RAHMA', 64610016, 49, 'X', '2', 8),
(428, 'MAHARANI LAURA NUR AZIZAH', 64089270, 50, 'X', '2', 8),
(429, 'MEILIZA', 62041202, 51, 'X', '2', 8),
(430, 'MITA DUWI KARTIKA SARI', 68480203, 52, 'X', '2', 8),
(431, 'MOCHAMMAD ABDURROHIM', 65769387, 53, 'X', '2', 8),
(432, 'MOCHAMMAD RIZAL', 67741697, 54, 'X', '2', 8),
(433, 'MUHAMMAD NABIL', 54191800, 55, 'X', '2', 8),
(434, 'MUHAMMAD NURUL SETIAWAN', 67469632, 56, 'X', '2', 8),
(435, 'MUHAMMAD RIYADI IMANULLAH', 69337961, 57, 'X', '2', 8),
(436, 'NAYLA RIZKI FAROHAH', 65152103, 58, 'X', '2', 8),
(437, 'RAJEZ ALIYANDRIE HABIBIE', 64774155, 59, 'X', '2', 8),
(438, 'RIFKA AMELIA', 76672854, 60, 'X', '2', 8),
(439, 'ROVIQOTUS SA\'ADAH', 63655748, 61, 'X', '2', 8),
(440, 'YENI AINUR ROHMAH', 69646419, 62, 'X', '2', 8),
(441, 'ZAHROTUS SAINIAH', 64523276, 63, 'X', '2', 8),
(442, 'ABELIA MARTHA MULIA', 76208521, 64, 'X', '1', 10),
(443, 'AFIFAH WIDYA NUR ZAHIDAH', 66602748, 65, 'X', '1', 10),
(444, 'AHMAD GALANG RAMADHAN', 85787353, 66, 'X', '1', 10),
(445, 'AIRINA FEBRIANTI', 62897980, 67, 'X', '1', 10),
(446, 'ANDRE ANGGA SETYAWAN', 62443527, 68, 'X', '1', 10),
(447, 'ANDREAN PRASTYA', 73737272, 69, 'X', '1', 10),
(448, 'ANINDIA ANGGUN WAHYUDI', 74055879, 70, 'X', '1', 10),
(449, 'ANNISA ZALIFA AIRA DINAR FATHA', 67319556, 71, 'X', '1', 10),
(450, 'ATIK MUSLIHAH', 64374473, 72, 'X', '1', 10),
(451, 'DESTI FEBRIANA PURWININGSIH', 71775317, 73, 'X', '1', 10),
(452, 'DIAN LIA KURNIAWATI', 73700558, 74, 'X', '1', 10),
(453, 'DINDA AYU', 63329148, 75, 'X', '1', 10),
(454, 'DWI SAFITRI', 74042205, 76, 'X', '1', 10),
(455, 'DYNA ANGGRAENIY', 69827203, 77, 'X', '1', 10),
(456, 'FANI YUNITA INDRIYANIS', 75718783, 78, 'X', '1', 10),
(457, 'HARIRO IRMAWATI', 66063686, 79, 'X', '1', 10),
(458, 'HERNILLA  YULIATEN', 75210411, 80, 'X', '1', 10),
(459, 'LALA BUNGA ISTIAN ', 75822223, 81, 'X', '1', 10),
(460, 'MUHAMMAD FAIDI', 65888519, 82, 'X', '1', 10),
(461, 'NAIFAH MAYSAROH', 69364790, 83, 'X', '1', 10),
(462, 'NATASYA BUNGA APRILIA', 79292197, 84, 'X', '1', 10),
(463, 'NIKEN MAULINA', 73344804, 85, 'X', '1', 10),
(464, 'NUR QURATUL NABILA ATIQOH', 65910332, 86, 'X', '1', 10),
(465, 'RENALITA ALYA NIRINA PUTRI MER', 68994168, 87, 'X', '1', 10),
(466, 'RENI ANGGRAENI EKA SAPUTRI', 69233167, 88, 'X', '1', 10),
(467, 'RIFAN BIMA WIRA SATRIAJI', 71453745, 89, 'X', '1', 10),
(468, 'SALSABILA ALIFIA PUTRI', 75682860, 90, 'X', '1', 10),
(469, 'SITI AISYATUN NABILLAH', 72847044, 91, 'X', '1', 10),
(470, 'SITI RAHMATUL KAMILA', 68247172, 92, 'X', '1', 10),
(471, 'SITI ROFIAH', 55714553, 93, 'X', '1', 10),
(472, 'VAVILATUL HASANAH', 76230746, 94, 'X', '1', 10),
(473, 'VITA INDAH KARTIKA', 69775204, 95, 'X', '1', 10),
(474, 'ADELIA AYUNA PUTRI', 77506152, 96, 'X', '2', 10),
(475, 'ADELINA EKA APRILIANDANI', 69293761, 97, 'X', '2', 10),
(476, 'AHMAD RAFFI MAULANA', 78499119, 98, 'X', '2', 10),
(477, 'AINUN FIRDAUS RAHMATILLA', 79776868, 99, 'X', '2', 10),
(478, 'ANGGUN PUSPITA ARIYANTI', 63441480, 100, 'X', '2', 10),
(479, 'ANNISA NADHIRA', 62316652, 101, 'X', '2', 10),
(480, 'AYU TASYANIA PUTRI', 73146895, 102, 'X', '2', 10),
(481, 'DARAYANI DINAN', 72893484, 103, 'X', '2', 10),
(482, 'DESTA ADI YULIANA', 71729876, 104, 'X', '2', 10),
(483, 'DINDA HILYATUL AULIA', 61981930, 105, 'X', '2', 10),
(484, 'DWI OLIVIA AINATUL NADIFAH', 79175264, 106, 'X', '2', 10),
(485, 'EKA SEPTYA ANGGRAINI', 63676571, 107, 'X', '2', 10),
(486, 'ELMI  NUR FADILAH', 76103712, 108, 'X', '2', 10),
(487, 'FIRNADIA LAILATUL FITRIAH', 66994762, 109, 'X', '2', 10),
(488, 'HALIMATUS SA\'DIYAH', 69144876, 110, 'X', '2', 10),
(489, 'JENY PUTRI ANDINI', 63392859, 111, 'X', '2', 10),
(490, 'MEISITA FAIZATUL UBKO', 68623303, 112, 'X', '2', 10),
(491, 'MOCHAMMAD RIFAL APRILIANTO', 79840468, 113, 'X', '2', 10),
(492, 'NAFILA AGUSTIN', 61998517, 114, 'X', '2', 10),
(493, 'NATASSYA AYU PERMATASARI', 67411610, 115, 'X', '2', 10),
(494, 'NOVITA SARI', 65411511, 116, 'X', '2', 10),
(495, 'PUTRI DEWI RARASATI', 63634713, 117, 'X', '2', 10),
(496, 'REZA ANDRYAN SYAH', 78519415, 118, 'X', '2', 10),
(497, 'RIANG RISKY MAULIDA', 62999403, 119, 'X', '2', 10),
(498, 'ROBIATUL HASSANAH', 7091910, 120, 'X', '2', 10),
(499, 'SALSABILA VERNANDA PUTRIE', 78818842, 121, 'X', '2', 10),
(500, 'SENDI PURNOMO', 66961138, 122, 'X', '2', 10),
(501, 'SERLY LINGGAWATI', 61732126, 123, 'X', '2', 10),
(502, 'SITI QOMARIAH', 53186735, 124, 'X', '2', 10),
(503, 'SITI SA\'DIYAH', 78518520, 125, 'X', '2', 10),
(504, 'SRI HANDAYANI', 64112419, 126, 'X', '2', 10),
(505, 'ZAFIRA DWI APRILIA', 78158876, 127, 'X', '2', 10),
(506, 'ZAVATIA RINDITA PRIYANI', 68304895, 128, 'X', '2', 10),
(507, 'AFIFA QUDSIA', 72681626, 129, 'X', '1', 7),
(508, 'AIDHA ANASYA SALFANINDIA', 78705685, 130, 'X', '1', 7),
(509, 'ANISA NUR RAMADHANI', 67260200, 131, 'X', '1', 7),
(510, 'CELSI OLIVIA', 73445443, 132, 'X', '1', 7),
(511, 'DINDA SAFITRI', 67436850, 133, 'X', '1', 7),
(512, 'DWI INTAN PERMADANI', 64411082, 134, 'X', '1', 7),
(513, 'FAIZAH LAILATUL JAMIL', 67450431, 135, 'X', '1', 7),
(514, 'FELANTIKA', 73567482, 136, 'X', '1', 7),
(515, 'FERDI FIRDAUS', 73287291, 137, 'X', '1', 7),
(516, 'HIKMATUL KHOIRIYAH', 75871417, 138, 'X', '1', 7),
(517, 'IMROATUL ALIFAH', 64658997, 139, 'X', '1', 7),
(518, 'JESITA NADIA PUTRI', 72822014, 140, 'X', '1', 7),
(519, 'JIHAN BASYARAHIL', 63884670, 141, 'X', '1', 7),
(520, 'KARIMAH', 49806496, 142, 'X', '1', 7),
(521, 'MUHAMMAD NOVAL ROMADHAN', 62603168, 143, 'X', '1', 7),
(522, 'NAILUL ILMA MA\'RIFAH', 63416725, 144, 'X', '1', 7),
(523, 'NEFRI DWI JUNIANTI', 65148966, 145, 'X', '1', 7),
(524, 'NINDIA FAISYA SALSAPRILIA', 79006041, 146, 'X', '1', 7),
(525, 'NOVALIA LUNA NUR AZIZAH', 66258202, 147, 'X', '1', 7),
(526, 'PINGKAN AYU FAROKAH', 68983447, 148, 'X', '1', 7),
(527, 'PUTRI ANGGRAENY', 74487606, 149, 'X', '1', 7),
(528, 'SAFIRA DWI RAMADANI', 69700310, 150, 'X', '1', 7),
(529, 'SELFIA DIAN AGUSTIN', 74722247, 151, 'X', '1', 7),
(530, 'SELVIA NUR AZIZAH', 64691056, 152, 'X', '1', 7),
(531, 'SURYO SUJONO', 67474902, 153, 'X', '1', 7),
(532, 'TARA SALSABILLA NAURAKMA PUTRI', 66435435, 154, 'X', '1', 7),
(533, 'WASYILATUL BARIROH', 2147483647, 155, 'X', '1', 7),
(534, 'WINDY NAZA APRILIA', 72033137, 156, 'X', '1', 7),
(535, 'ZAHRA ISANDRIA', 68842597, 157, 'X', '1', 7),
(536, 'ZULAYKHA GHEIZA AZZAHRA', 77533953, 158, 'X', '1', 7),
(537, 'ACHMAD RAMADHANY', 58329114, 159, 'X', '1', 5),
(538, 'AFITA', 78041530, 160, 'X', '1', 5),
(539, 'AMILIA REGINA PUTRI', 79774588, 161, 'X', '1', 5),
(540, 'ARINA UTHOYBAH', 67632832, 162, 'X', '1', 5),
(541, 'DEWI INTAN NURAINI', 67277506, 163, 'X', '1', 5),
(542, 'EKA NOR PRATIWI', 72733321, 164, 'X', '1', 5),
(543, 'ELLO RASYA FIRANSYAH', 69817533, 165, 'X', '1', 5),
(544, 'INDAH DESMITA RAMADHANI', 2147483647, 166, 'X', '1', 5),
(545, 'JAMILATUS ZAHRO', 61767496, 167, 'X', '1', 5),
(546, 'KARIN', 65515557, 168, 'X', '1', 5),
(547, 'MELYATUL JANIYAH', 65611293, 169, 'X', '1', 5),
(548, 'MOH. RIZALUL AMRI', 69871804, 170, 'X', '1', 5),
(549, 'MOHAMMAD IFDANI SAMSUL MU\'ARIF', 66049791, 171, 'X', '1', 5),
(550, 'MOHAMMAD PRAYOGI', 69870395, 172, 'X', '1', 5),
(551, 'MUHAMMAD ADIFAN', 78707621, 173, 'X', '1', 5),
(552, 'MUHAMMAD FIKRI MARDIANTO', 66874351, 174, 'X', '1', 5),
(553, 'MUHAMMAD HAIRUR ROFIQI', 58007355, 175, 'X', '1', 5),
(554, 'MUHAMMAD RADHO SAPUTRA', 61684074, 176, 'X', '1', 5),
(555, 'MUHAMMAD ZULHAN HASAN', 55562321, 177, 'X', '1', 5),
(556, 'RAFITA EWI AGUSTIN', 64603461, 178, 'X', '1', 5),
(557, 'RISKIANA OKTAVIA HALIZA', 69517266, 179, 'X', '1', 5),
(558, 'RISKIATUL HIDAYAH', 2147483647, 180, 'X', '1', 5),
(559, 'SIFARATUL RAMADANI', 69317237, 181, 'X', '1', 5),
(560, 'SINTIA CIKA NABAWIYAH', 71878053, 182, 'X', '1', 5),
(561, 'SITI AMILIA PUTRI', 74549860, 183, 'X', '1', 5),
(562, 'SITI NABILA', 61442268, 184, 'X', '1', 5),
(563, 'SITI ROKAYAH AZZAHRO', 69857643, 185, 'X', '1', 5),
(564, 'VIJAYIDIR ROMADHAN', 75441667, 186, 'X', '1', 5),
(565, 'ADELIA SAFIRA', 67841249, 187, 'X', '2', 5),
(566, 'AHMAD ANDIKA', 76523816, 188, 'X', '2', 5),
(567, 'AHMAD DANI SAPUTRA', 62628893, 189, 'X', '2', 5),
(568, 'AHMAD KHOLIL ANAM', 65717290, 190, 'X', '2', 5),
(569, 'AHMAT ZAINOL WEFI', 73625635, 191, 'X', '2', 5),
(570, 'ANA FITRIA', 78858098, 192, 'X', '2', 5),
(571, 'ANGGA ARDIANSYAH', 64103491, 193, 'X', '2', 5),
(572, 'ANGGA AULY ZAKARIA', 64971629, 194, 'X', '2', 5),
(573, 'ANGGER ARY PRAYOGA', 59237300, 195, 'X', '2', 5),
(574, 'APRELIA PUTRI NUR CAHYADI', 67297054, 196, 'X', '2', 5),
(575, 'ARI DWIKI ANANTA', 53899648, 197, 'X', '2', 5),
(576, 'DHEALOVA ADITYA EKA RAMADHAN', 67481221, 198, 'X', '2', 5),
(577, 'ELSA DWI ISTIFIANA', 69331349, 199, 'X', '2', 5),
(578, 'FADILATUL MAULIDA', 78239768, 200, 'X', '2', 5),
(579, 'FARA DUWI ALYATI', 62627800, 201, 'X', '2', 5),
(580, 'FIRNANDA JANUARIS PUTRI', 72862262, 202, 'X', '2', 5),
(581, 'GALUH DIYANTI PERMATASARI', 64356226, 203, 'X', '2', 5),
(582, 'HOLISA AMALIA', 78291702, 204, 'X', '2', 5),
(583, 'IFTITAHUSSA\'ADAH', 51251841, 205, 'X', '2', 5),
(584, 'KAMILATUL QOMARIYAH', 63345740, 206, 'X', '2', 5),
(585, 'MOHAMMAD PRAYOGA', 61489239, 207, 'X', '2', 5),
(586, 'MOHAMMMAD TEGAR ANDHIKA PRATAM', 62144493, 208, 'X', '2', 5),
(587, 'MUHAMMAD NAILUL CHOERI', 71502942, 209, 'X', '2', 5),
(588, 'MUHAMMAD ZAINURRAZIQIN', 66001082, 210, 'X', '2', 5),
(589, 'NAVINSA FEBIOLA', 64586950, 211, 'X', '2', 5),
(590, 'NURJIAH INDRIANTI', 78326599, 212, 'X', '2', 5),
(591, 'PIPIT NOVITASARI', 78530523, 213, 'X', '2', 5),
(592, 'PUTRI WULANDARI', 66245689, 214, 'X', '2', 5),
(593, 'RAHADI AFDALSYAH', 43823120, 215, 'X', '2', 5),
(594, 'RONI FERDIANTO', 67316528, 216, 'X', '2', 5),
(595, 'SELA AYU LESTARI', 66188646, 217, 'X', '2', 5),
(596, 'SITI AISAH', 62112053, 218, 'X', '2', 5),
(597, 'SITTI MUDMAINA', 64441520, 219, 'X', '2', 5),
(598, 'SYAIFUL BAHRI', 67919477, 220, 'X', '2', 5),
(599, 'TEGUH DWI RAMADHANI', 65643925, 221, 'X', '2', 5),
(600, 'ABDUL GAFUR', 51815425, 222, 'X', '1', 4),
(601, 'ACHMAD FAUZI', 67293508, 223, 'X', '1', 4),
(602, 'AHMAD DHANI FIRMANSYAH', 65858475, 224, 'X', '1', 4),
(603, 'AHMAD KAFABILLAH', 78807510, 225, 'X', '1', 4),
(604, 'AHMAD SIFAUL QALBI', 76875547, 226, 'X', '1', 4),
(605, 'AKBAR ILHAM DANI', 66581436, 227, 'X', '1', 4),
(606, 'ALFITO ILHAM MAULANA', 72774095, 228, 'X', '1', 4),
(607, 'BURHANUDIN ZULFI', 67361016, 229, 'X', '1', 4),
(608, 'DAMAR PUTRA PRATAMA BAHTIAR', 66958198, 230, 'X', '1', 4),
(609, 'DAVID APRILIAN ALVIS', 72667169, 231, 'X', '1', 4),
(610, 'DEDY PUTRA KURNIAWAN', 65492568, 232, 'X', '1', 4),
(611, 'DIKA RAMADHAN', 65393308, 233, 'X', '1', 4),
(612, 'FIKKRIH NUR RAHMAN SYAH', 62842615, 234, 'X', '1', 4),
(613, 'FIRMAN ADI YAKSA HIDAYATULLAH', 68936099, 235, 'X', '1', 4),
(614, 'HAMDANIL ARIFIN', 79541148, 236, 'X', '1', 4),
(615, 'IBROR YUSRON SUGIHARTO', 61622128, 237, 'X', '1', 4),
(616, 'IMAM ADI ARROKI', 71323194, 238, 'X', '1', 4),
(617, 'LOREN CHRISTIAN', 78761050, 239, 'X', '1', 4),
(618, 'MAULIDIYA TRI MALIYATI', 78819350, 240, 'X', '1', 4),
(619, 'MOCHAMMAD ALDI', 63938312, 241, 'X', '1', 4),
(620, 'MOCHAMMAD TIRMIDZI', 41668734, 242, 'X', '1', 4),
(621, 'MOHAMMAD RENO HABIBI', 69356488, 243, 'X', '1', 4),
(622, 'MUHAMMAD ALDO ALFIYANSYAH', 73822006, 244, 'X', '1', 4),
(623, 'MUHAMMAD ALTHAF ALFANSYAH', 61607520, 245, 'X', '1', 4),
(624, 'MUHAMMAD GHAZY AL JAHFAL', 61079243, 246, 'X', '1', 4),
(625, 'MUHAMMAD REZA DAYYAN RISMANTO', 76467799, 247, 'X', '1', 4),
(626, 'MUHAMMAD TAUFIQ BALAFIF', 54703119, 248, 'X', '1', 4),
(627, 'MUHAMMAD WILDAN TAWAGKAL', 63001202, 249, 'X', '1', 4),
(628, 'MUWAFIQUL HOBIR', 66663203, 250, 'X', '1', 4),
(629, 'ROKHIQIL BUDI WARDIANSYAH', 74693882, 251, 'X', '1', 4),
(630, 'TEGAR DWI ABDIL AZIZ', 139590697, 252, 'X', '1', 4),
(631, 'VIANDITA OKTAMELIA PUTRI', 78279526, 253, 'X', '1', 4),
(632, 'AHMAD RIVALDI CAHYONO', 65840597, 254, 'X', '2', 4),
(633, 'ALDO SAPUTRA', 67561238, 255, 'X', '2', 4),
(634, 'AMIRUTTAWAB HAIRUSSA\'I', 72418091, 256, 'X', '2', 4),
(635, 'ANGGA ISMA PRATAMA', 79226200, 257, 'X', '2', 4),
(636, 'BINTANG MAULANA', 65933816, 258, 'X', '2', 4),
(637, 'DERYL ASRILLAH PRAYUDHA', 69046350, 259, 'X', '2', 4),
(638, 'EKA ZULVA MUNAWAROH', 75984675, 260, 'X', '2', 4),
(639, 'GALANG MAYLINDO PRIBADI', 75475939, 261, 'X', '2', 4),
(640, 'IRZA AHMAD ABDILLAH', 62304356, 262, 'X', '2', 4),
(641, 'MAULANA RAFLI APRIANDI', 51850042, 263, 'X', '2', 4),
(642, 'MIRZA UCHMAL GANI', 66295383, 264, 'X', '2', 4),
(643, 'MOCHAMAD YAZID RAHMAN FADHILAH', 62268329, 265, 'X', '2', 4),
(644, 'MOCHAMMAD FARHAN ALFIRDAUS', 2147483647, 266, 'X', '2', 4),
(645, 'MOHAMMAD FAREL HAIKAL AVIZ', 74342717, 267, 'X', '2', 4),
(646, 'MOHAMMAD FIRDAUS', 77806993, 268, 'X', '2', 4),
(647, 'MOHAMMAD HELMI SYARIF', 65425557, 269, 'X', '2', 4),
(648, 'MOHAMMAD NOVAL ALI ERFAN', 65793354, 270, 'X', '2', 4),
(649, 'MOHAMMAD ROZIK YULIANTO', 72323641, 271, 'X', '2', 4),
(650, 'MUCHAMMAD RIO RUFAMINJAS', 63436100, 272, 'X', '2', 4),
(651, 'MUHAMMAD DERBIAN DWI PUTRA', 69816952, 273, 'X', '2', 4),
(652, 'MUHAMMAD FEBRI', 61648129, 274, 'X', '2', 4),
(653, 'MUHAMMAD GIBRIL ANWAR', 67043447, 275, 'X', '2', 4),
(654, 'MUHAMMAD RAFI', 62537198, 276, 'X', '2', 4),
(655, 'MUHAMMAD YUINUS', 58211306, 277, 'X', '2', 4),
(656, 'MUKHAMMAD FARIZ FAIDZIN', 67031192, 278, 'X', '2', 4),
(657, 'NADA KAMILAH AMATULAH', 75476606, 279, 'X', '2', 4),
(658, 'NICOLA FATHORROSI', 53668992, 280, 'X', '2', 4),
(659, 'NOVAL ARIYANTO', 73473343, 281, 'X', '2', 4),
(660, 'NURULLAH', 54377054, 282, 'X', '2', 4),
(661, 'PRASETIYO ALFIANDI BUDIONO', 68072915, 283, 'X', '2', 4),
(662, 'SUNNY MUHLISON', 76963385, 284, 'X', '2', 4),
(663, 'SYAHRUL MUBAROQ', 64472159, 285, 'X', '2', 4),
(664, 'ACHMAD GALIH ADHYAKSA', 79565597, 286, 'X', '1', 6),
(665, 'ADAM ALAMSYAH QULDIBY', 67434537, 287, 'X', '1', 6),
(666, 'AHMAD DJUNAEDI HARYANTO', 67854116, 288, 'X', '1', 6),
(667, 'AHMAD NUR MUTTAQIEN', 62788987, 289, 'X', '1', 6),
(668, 'AKBAR BUDI PRASETYO', 65666943, 290, 'X', '1', 6),
(669, 'ALFYAN AN NAWAF', 74133907, 291, 'X', '1', 6),
(670, 'ALIFIA MAYLA RIFKI SAFIRA', 71992796, 292, 'X', '1', 6),
(671, 'BAYU ARIZONA MUKTI', 53086842, 293, 'X', '1', 6),
(672, 'BULAN ADELTA ZAPRILIA', 72635807, 294, 'X', '1', 6),
(673, 'DAFITO KESHA ENGGAR KUSUMO', 65247301, 295, 'X', '1', 6),
(674, 'DAVIN IHWAN PRAYOGI', 67495748, 296, 'X', '1', 6),
(675, 'DIANA AYU', 69076561, 297, 'X', '1', 6),
(676, 'DIMAS PUTRA ADITIA', 72153572, 298, 'X', '1', 6),
(677, 'FAUZIAH FARA SAFITRI ', 68216876, 299, 'X', '1', 6),
(678, 'JAMILA', 63296415, 300, 'X', '1', 6),
(679, 'JONI FERNANDO', 64595878, 301, 'X', '1', 6),
(680, 'JUSTIN MOSES PRAYOGO ', 73721716, 302, 'X', '1', 6),
(681, 'MOHAMMAD DAYROBI FABIANTARA', 73360669, 303, 'X', '1', 6),
(682, 'MOHAMMAD SAMSUL ARIFIN', 78978322, 304, 'X', '1', 6),
(683, 'MUHAMMAD FAIZAL FAHREZY', 69443304, 305, 'X', '1', 6),
(684, 'MUHAMMAD KAFKA AULIYA', 79019875, 306, 'X', '1', 6),
(685, 'MUHAMMAD PRAYOGA WIJAYA', 61482476, 307, 'X', '1', 6),
(686, 'MUHAMMAD RIFQI MAULANA', 73950235, 308, 'X', '1', 6),
(687, 'SATRIO RIFKI ANDIKA', 65517015, 309, 'X', '1', 6),
(688, 'SEPTIAN BUDI RAMADHAN', 63525966, 310, 'X', '1', 6),
(689, 'VALEN REKSA ADY ANGGARA', 72374728, 311, 'X', '1', 6),
(690, 'VERISCHA SALSABILLA RAIHANUUN', 77031374, 312, 'X', '1', 6),
(691, 'YANUARIEL PANCA DARMAWAN', 72073873, 313, 'X', '1', 6),
(692, 'ACHMADI ABDUL MUIS', 76377450, 314, 'X', '2', 6),
(693, 'AHMAD FAKHRI MAULANA', 68941133, 315, 'X', '2', 6),
(694, 'AHMAD FAUZI', 66297710, 316, 'X', '2', 6),
(695, 'AHMAT ALDI FATURULLAH', 74424821, 317, 'X', '2', 6),
(696, 'AJMAL JAMIL', 64953521, 318, 'X', '2', 6),
(697, 'ALVIN NUR ROCHMAN', 69029132, 319, 'X', '2', 6),
(698, 'ANGGITARIO FIRDAUZI', 61259294, 320, 'X', '2', 6),
(699, 'DAFA MUKTASIM NAWAWI', 61115947, 321, 'X', '2', 6),
(700, 'DANI ARIO', 68932154, 322, 'X', '2', 6),
(701, 'ELISA TRIANDIKA DEWI', 79397191, 323, 'X', '2', 6),
(702, 'FAHRENZY ADITYA SAPUTRA', 68839032, 324, 'X', '2', 6),
(703, 'FEMILLIA AZZUHRA PUTRI', 76414980, 325, 'X', '2', 6),
(704, 'IZA EKA PRATIWI', 64182859, 326, 'X', '2', 6),
(705, 'JAVA EKA BHIMANTARA', 65664298, 327, 'X', '2', 6),
(706, 'MOHAMAD ROBIT MAULANA FALAH', 55409261, 328, 'X', '2', 6),
(707, 'MOHAMMAD ANZILATUL PASHA RAMAD', 68285814, 329, 'X', '2', 6),
(708, 'MUHAMMAD ABDUL WAFI', 69077391, 330, 'X', '2', 6),
(709, 'MUHAMMAD AFRIZA ABDILLAH', 61961782, 331, 'X', '2', 6),
(710, 'MUHAMMAD GATAN FATHOR ROZAKI ', 68741540, 332, 'X', '2', 6),
(711, 'MUHAMMAD NUR FADIL', 65102325, 333, 'X', '2', 6),
(712, 'MUHAMMAD RENDI', 2147483647, 334, 'X', '2', 6),
(713, 'MUHAMMAD SUWARNO', 63853140, 335, 'X', '2', 6),
(714, 'RENDI PRANATA', 65364854, 336, 'X', '2', 6),
(715, 'SAEFAN ALI AZZARKASI', 69481768, 337, 'X', '2', 6),
(716, 'SYAUQI MUBAROK', 55277804, 338, 'X', '2', 6),
(717, 'SYECH ILHAM SULTAN FAHREZI', 63615504, 339, 'X', '2', 6),
(718, 'ULFI NADIA PUTRI', 67579605, 340, 'X', '2', 6),
(719, 'URWAH AL WUTSQA', 71261321, 341, 'X', '2', 6),
(720, 'ZAKARIA ZUHDI AHMAD', 66094080, 342, 'X', '2', 6),
(721, 'ABDUL MUSLIH', 63050279, 343, 'X', '1', 1),
(722, 'ACHMAD FAUZAN', 61600993, 344, 'X', '1', 1),
(723, 'ADITYA ANDREW PUTRA', 68414752, 345, 'X', '1', 1),
(724, 'ALFAREZA WILDANANG HERMAWAN', 63175561, 346, 'X', '1', 1),
(725, 'ANGELINA AMELIA PUTRI', 65666508, 347, 'X', '1', 1),
(726, 'BAREP ADHIYASTA', 66760746, 348, 'X', '1', 1),
(727, 'DEVA LOVADANI PUTRA', 65863413, 349, 'X', '1', 1),
(728, 'FALIH RAHMATULLAH PRATAMA', 61978393, 350, 'X', '1', 1),
(729, 'FATHIR GATAN ALIBI', 67273927, 351, 'X', '1', 1),
(730, 'FRIYANDANA DAVA FIRMANSYAH', 66855378, 352, 'X', '1', 1),
(731, 'GANDI WIBISONO', 65309203, 353, 'X', '1', 1),
(732, 'GILANG DHARMA TECTONA', 71186619, 354, 'X', '1', 1),
(733, 'HARIS RAHMAN KURNIAWAN', 66848265, 355, 'X', '1', 1),
(734, 'INDRA SAPUTRA', 62593554, 356, 'X', '1', 1),
(735, 'MISSIY HADIYANTORO', 76272420, 357, 'X', '1', 1),
(736, 'MOH. AKHIF FIRMANSYAH', 2147483647, 358, 'X', '1', 1),
(737, 'MOH. RIFQI NUR ARIFILLAH', 61474077, 359, 'X', '1', 1),
(738, 'MOHAMMAD FANY NASYITH AINUL YA', 63306475, 360, 'X', '1', 1),
(739, 'MOHAMMAD ILYAS HIDAYATULLAH', 68248686, 361, 'X', '1', 1),
(740, 'MUHAMMAD ADITYA INSAN FADHILA', 63933927, 362, 'X', '1', 1),
(741, 'MUHAMMAD DWI FAUZAN', 71531418, 363, 'X', '1', 1),
(742, 'MUHAMMAD DZAKI SYARIF', 63847376, 364, 'X', '1', 1),
(743, 'MUHAMMAD FAREL DAFI SAPUTRA', 65995468, 365, 'X', '1', 1),
(744, 'MUHAMMAD IRFAN AR RAFI', 66910855, 366, 'X', '1', 1),
(745, 'MUHAMMAD NOFAL', 56191987, 367, 'X', '1', 1),
(746, 'MUHAMMAT LUKMANUL HAKIM ZAINUL', 69449387, 368, 'X', '1', 1),
(747, 'NERU ANGGARA', 68420332, 369, 'X', '1', 1),
(748, 'NIKITA TIARA DWI MAULIDIA', 71906006, 370, 'X', '1', 1),
(749, 'RAFLIAN FIRDAUS MAULANI', 61725146, 371, 'X', '1', 1),
(750, 'RAZAN TEGAR AFANDI', 69744059, 372, 'X', '1', 1),
(751, 'RESKY ARSYIE AL-DANIAL', 69422076, 373, 'X', '1', 1),
(752, 'RIZKY MUTIARA FITRI', 64129042, 374, 'X', '1', 1),
(753, 'SATRIA ALHAN ILAFI', 62108670, 375, 'X', '1', 1),
(754, 'SYAUQI UWAIMIR BAHRUM PUTRA', 74797724, 376, 'X', '1', 1),
(755, 'TOTOK PRIANTONO AL RAMADANI', 69469815, 377, 'X', '1', 1),
(756, 'WILLY SURYO ANTAREDHA', 65141998, 378, 'X', '1', 1),
(757, 'AHMAD ABU RIZAL ALGIFARI', 73233060, 379, 'X', '1', 9),
(758, 'AHMAD BAIHAKI ISTIANDI', 67474754, 380, 'X', '1', 9),
(759, 'ANAS ABYAN PASHA', 74562391, 381, 'X', '1', 9),
(760, 'ANGEL NAISILLA AZIMA', 65672318, 382, 'X', '1', 9),
(761, 'ARIF RIFA\'I', 51563176, 383, 'X', '1', 9),
(762, 'DIMAS ERFANDI', 69033457, 384, 'X', '1', 9),
(763, 'FEBRIANTO FALANTINO', 74877063, 385, 'X', '1', 9),
(764, 'FITRA BAYU RAMADANI', 55302422, 386, 'X', '1', 9),
(765, 'HOTIP USMAN', 2147483647, 387, 'X', '1', 9),
(766, 'MAULIDYA ELZA FIANDATIAR', 72142682, 388, 'X', '1', 9),
(767, 'MOHAMMAD FARIS FAUZAN AKBAR', 67192701, 389, 'X', '1', 9),
(768, 'MOHAMMAD RENDY PRAKOSO', 69046229, 390, 'X', '1', 9),
(769, 'MOHAMMAD SOFYAN HALILI', 74334553, 391, 'X', '1', 9),
(770, 'MUHAMMAD ANGGA PUTRA PRATAMA', 62407045, 392, 'X', '1', 9),
(771, 'MUHAMMAD MUSLEH ROMADONI', 48486577, 393, 'X', '1', 9),
(772, 'MUHAMMAD NORRENDRA', 63188478, 394, 'X', '1', 9),
(773, 'MUHAMMAD RIZKI', 79491373, 395, 'X', '1', 9),
(774, 'MUHAMMAD SHOFAREL IHSAN', 68987026, 396, 'X', '1', 9),
(775, 'MUHAMMAD WIRANTO', 65674303, 397, 'X', '1', 9),
(776, 'MUHAMMAD ZACKY FIRDIANSYAH', 76232338, 398, 'X', '1', 9),
(777, 'NAZWA ALYA PUTRI', 68505703, 399, 'X', '1', 9),
(778, 'NIA DITA RAHAYU', 67140644, 400, 'X', '1', 9),
(779, 'SHODIQ MAHMUDI', 73086035, 401, 'X', '1', 9),
(780, 'SURYA ABRORI', 77992194, 402, 'X', '1', 9),
(781, 'ADELIA EKA PUJIANTO', 62960707, 403, 'XI', '1', 12),
(782, 'AISYAH SULISTIA NINGSIH', 61385376, 404, 'XI', '1', 12),
(783, 'AMANDA DWI CAHYANING WULANDARI', 53874354, 405, 'XI', '1', 12),
(784, 'ANGGY FARADINA', 52324318, 406, 'XI', '1', 12),
(785, 'CANTIKA DWI WARDANI', 57433964, 407, 'XI', '1', 12),
(786, 'CHANTIKA MAY SHINTA', 57257385, 408, 'XI', '1', 12),
(787, 'DANANG SEPTA KURNIAWAN', 52541872, 409, 'XI', '1', 12),
(788, 'DWI RATIH EKA SEPTIANI', 55657951, 410, 'XI', '1', 12),
(789, 'FENI FILIANA ARIF', 54346938, 411, 'XI', '1', 12),
(790, 'FINA ATIKATUN GONITA', 79664072, 412, 'XI', '1', 12),
(791, 'GITA DWI ANDINI', 57888438, 413, 'XI', '1', 12),
(792, 'HAIRATUN NISAH', 65838569, 414, 'XI', '1', 12),
(793, 'INTAN LAILATUS SIFANAH', 58389350, 415, 'XI', '1', 12),
(794, 'ISTIANA', 53923355, 416, 'XI', '1', 12),
(795, 'MAULIDEA ROFIATUL JANNAH', 66798931, 417, 'XI', '1', 12),
(796, 'MUHAMMAD FERDIYANTO', 55537992, 418, 'XI', '1', 12),
(797, 'MUHAMMAD NUKIL ALFARIZI', 58664740, 419, 'XI', '1', 12),
(798, 'NAJWA ROSYIDAH ZAHROTUL HAYAT', 68979064, 420, 'XI', '1', 12),
(799, 'NOVENTIA AYU RAISYA PUTRI BAIT', 2147483647, 421, 'XI', '1', 12),
(800, 'PUTRI KARTIKA SELVRIYANTI', 57556986, 422, 'XI', '1', 12),
(801, 'RAFI RAHMAD FIRMANSYACH', 61817435, 423, 'XI', '1', 12),
(802, 'RIANA', 52422360, 424, 'XI', '1', 12),
(803, 'SARI WILADATUS SALIMAH', 44315070, 425, 'XI', '1', 12),
(804, 'SITI AULIA ASHFAHANY', 57321676, 426, 'XI', '1', 12),
(805, 'SITI RAMADATUS SAVINA', 61187115, 427, 'XI', '1', 12),
(806, 'SUTA NADHIF ADIWANGSA', 57379794, 428, 'XI', '1', 12),
(807, 'SYALSABILA KHOIRUN NISA', 52799696, 429, 'XI', '1', 12),
(808, 'VANESA TRIYA CALISTA', 51320008, 430, 'XI', '1', 12),
(809, 'WINDA PUTRI AGUSTIN', 56993926, 431, 'XI', '1', 12),
(810, 'YOEPIE DIAN PERMADANI', 53827479, 432, 'XI', '1', 12),
(811, 'ABDUL ADNAN', 58478004, 433, 'XI', '1', 10),
(812, 'ALFI SYARIFATUL HASANAH', 57248731, 434, 'XI', '1', 10),
(813, 'ANGGUN TRI HARTINI', 65147623, 435, 'XI', '1', 10),
(814, 'ANI RAHMAWATI', 54102724, 436, 'XI', '1', 10),
(815, 'BUNGA HELDA ANGEL RISKA', 53631226, 437, 'XI', '1', 10),
(816, 'DELA SEPTIARINI', 45363745, 438, 'XI', '1', 10),
(817, 'DIANA PUTRI MAHARANI', 58766503, 439, 'XI', '1', 10),
(818, 'ELVINA FITRIH', 58319315, 440, 'XI', '1', 10),
(819, 'FENDI MAULANA', 58547483, 441, 'XI', '1', 10),
(820, 'GINA FITRATUL MUNTAZAH', 54790135, 442, 'XI', '1', 10),
(821, 'HALIMATUS SA\'DIYAH', 56901088, 443, 'XI', '1', 10),
(822, 'JAMILATUS SYARIFAH', 61558215, 444, 'XI', '1', 10),
(823, 'KHILDA ROSIDA', 54374750, 445, 'XI', '1', 10),
(824, 'MAIDA PUTRI FATIMATUZZAHRO', 56456440, 446, 'XI', '1', 10),
(825, 'MUHAMMAD AFANDI PRATAMA', 59773709, 447, 'XI', '1', 10),
(826, 'MUHAMMAD RAMA KALAMULLAH', 52794556, 448, 'XI', '1', 10),
(827, 'NABILA AGUSTIN KHOIRUNIKA', 55611039, 449, 'XI', '1', 10),
(828, 'NAJWA NUR HASANAH', 66054004, 450, 'XI', '1', 10),
(829, 'NICO SETYAWAN', 58139270, 451, 'XI', '1', 10),
(830, 'NOVIA ZIQNA FIRDAUSY', 69848786, 452, 'XI', '1', 10),
(831, 'RATIH WINDI YUNIASIE', 61723551, 453, 'XI', '1', 10),
(832, 'RIFKI NUR AKBAR JUNAIDI', 51095622, 454, 'XI', '1', 10),
(833, 'RISMA NUR KHALISAH', 63519590, 455, 'XI', '1', 10),
(834, 'RIZKI AZIZAH SALSABILA', 51906550, 456, 'XI', '1', 10),
(835, 'SALWAH SABRINA', 51706234, 457, 'XI', '1', 10),
(836, 'SITA NURHALISAH', 69494999, 458, 'XI', '1', 10),
(837, 'SITI INDRIYANI', 65183680, 459, 'XI', '1', 10),
(838, 'SUCI ROMADIYAH MAKMUR', 56956532, 460, 'XI', '1', 10),
(839, 'TITA AGUSTINA AULIA RAHMAN', 51356190, 461, 'XI', '1', 10),
(840, 'VINA ANDINI', 53388417, 462, 'XI', '1', 10),
(841, 'AGIS HOIRUN NISA\'', 67581410, 463, 'XI', '2', 10),
(842, 'AHMAD ABU RIZAL ALGIFARI', 53648904, 464, 'XI', '2', 10),
(843, 'AHMAD DANIL', 39309314, 465, 'XI', '2', 10),
(844, 'ALFIA NURUZZ YADAH', 59654014, 466, 'XI', '2', 10),
(845, 'ANGIE SEPTIANING TIAS', 66313513, 467, 'XI', '2', 10),
(846, 'ARIL NURAINI', 61117804, 468, 'XI', '2', 10),
(847, 'CHAIRUNEISA FEBITRI CAHYANI', 65797277, 469, 'XI', '2', 10),
(848, 'DHEA AMANDA SAFITRI MAULANI', 56600611, 470, 'XI', '2', 10),
(849, 'DINY DWI AFDHOLUL LAILY', 58408431, 471, 'XI', '2', 10),
(850, 'DUWI DARMAWAN', 58663212, 472, 'XI', '2', 10),
(851, 'FIFIN NURUL ISNAINI', 52965594, 473, 'XI', '2', 10),
(852, 'GITA ABELIA NAJWA', 57641857, 474, 'XI', '2', 10),
(853, 'HILYAH FAIRUSIYAH', 64145125, 475, 'XI', '2', 10),
(854, 'JIHAN ZAHIROH WAHYUNI', 57160445, 476, 'XI', '2', 10),
(855, 'LATHIFATUL INTAN', 62113082, 477, 'XI', '2', 10),
(856, 'MAISAROH GAFERLI SAFITRI ADANI', 56722856, 478, 'XI', '2', 10),
(857, 'MOHAMMAD WAFI', 57883618, 479, 'XI', '2', 10),
(858, 'MUHAMMAD AZRIEL WAHYU RAMADHAN', 55267636, 480, 'XI', '2', 10),
(859, 'MUHAMMAD WILDAN', 51408006, 481, 'XI', '2', 10),
(860, 'NADIAH ZEHRO', 56554511, 482, 'XI', '2', 10),
(861, 'NINDI WARDAH KAMELIA', 68456022, 483, 'XI', '2', 10),
(862, 'NURUL FADILAH IRFANIA RAHAYU', 56925915, 484, 'XI', '2', 10),
(863, 'PUJI ANDAYANI', 51864563, 485, 'XI', '2', 10),
(864, 'RAHMAT EKA PRASETIYO', 53937958, 486, 'XI', '2', 10),
(865, 'RINDI OKTAVIA RAMADHANI', 51998801, 487, 'XI', '2', 10),
(866, 'RIZKI AMALIA', 59729916, 488, 'XI', '2', 10),
(867, 'ROSSA RIDIA DAMAYANTI', 69015819, 489, 'XI', '2', 10),
(868, 'SHELY LATANZIL', 69625061, 490, 'XI', '2', 10),
(869, 'SITI HOLIFAH', 63105896, 491, 'XI', '2', 10),
(870, 'SITTI NUR FAISAH', 51303299, 492, 'XI', '2', 10),
(871, 'TIARA MUTIAH JUWITA PUTRI', 53157987, 493, 'XI', '2', 10),
(872, 'ZINDA DWI APRILIA', 58357930, 494, 'XI', '2', 10),
(873, 'AHMAD SUBASTIAR IVANDY', 55044693, 495, 'XI', '1', 13),
(874, 'AINI NOR AFRIYANTI', 64940081, 496, 'XI', '1', 13),
(875, 'AURA YOGI OKTAVIANTI', 2147483647, 497, 'XI', '1', 13),
(876, 'CAMILIA FAUZIYAH', 61007089, 498, 'XI', '1', 13),
(877, 'CINDY DWI RAMADHONA', 55615179, 499, 'XI', '1', 13),
(878, 'DELLA NATALIA MARGARETA', 53576305, 500, 'XI', '1', 13),
(879, 'DWI AYU KURNIAWAN', 68395324, 501, 'XI', '1', 13),
(880, 'DWI SAPTA HARNAWI', 59402615, 502, 'XI', '1', 13),
(881, 'EMILIA INSAN KAMILAH', 2147483647, 503, 'XI', '1', 13),
(882, 'FITRI ANDRIYANI', 62143155, 504, 'XI', '1', 13),
(883, 'GRISNAYA AULIA HERIANTO', 53186322, 505, 'XI', '1', 13),
(884, 'ICHA AYUDYA FEBIANTI', 62770338, 506, 'XI', '1', 13),
(885, 'LAILY AZZAHRO SUPRAPTI', 63605308, 507, 'XI', '1', 13),
(886, 'MASYARUH HUSNOL KHOTIMAH', 48481792, 508, 'XI', '1', 13),
(887, 'MUHAMMAD AFIFANDI FIRMANSYAH', 54964387, 509, 'XI', '1', 13),
(888, 'NAVIZAH ADILA AYU', 54534044, 510, 'XI', '1', 13),
(889, 'PUTRI LEGINA NABILA SUHEIMY', 62730936, 511, 'XI', '1', 13),
(890, 'RENITA WAHYUNI PUTRI', 57368568, 512, 'XI', '1', 13),
(891, 'REVALIA PUTRI AGUSTINA', 54143581, 513, 'XI', '1', 13),
(892, 'SIFANIA SEPTIARINI', 69567744, 514, 'XI', '1', 13),
(893, 'SULISTIANA NINGSIH', 53342404, 515, 'XI', '1', 13),
(894, 'VALENTINO CHRISTIAN GUNAWAN', 56789987, 516, 'XI', '1', 13),
(895, 'ZALVA ZAHRIYA CHANIVA', 58326983, 517, 'XI', '1', 13),
(896, 'AFNUR NADILA', 44950701, 518, 'XI', '2', 13),
(897, 'AMALIYA NUR SALSABILLAH', 52901261, 519, 'XI', '2', 13),
(898, 'ANGGA FIRNANDO', 62128602, 520, 'XI', '2', 13),
(899, 'AVI DATUL HOIROH', 63321255, 521, 'XI', '2', 13),
(900, 'CHELSEA MARGARETHA OLIVIA WULA', 61583280, 522, 'XI', '2', 13),
(901, 'DEA PUTRI AUREZATUL MAQFIROTH', 54027016, 523, 'XI', '2', 13),
(902, 'DINI AULIA BAHRI', 67005654, 524, 'XI', '2', 13),
(903, 'DWI PUTRI INDAH WAHYUNI', 51033048, 525, 'XI', '2', 13),
(904, 'FIRDA SEPTIAWATI', 57898948, 526, 'XI', '2', 13),
(905, 'FITRIYAH SHAFARINA EKA PUTRI', 65026410, 527, 'XI', '2', 13),
(906, 'HILMIYANTI', 54431154, 528, 'XI', '2', 13),
(907, 'KARINATUD DINIAH', 58064794, 529, 'XI', '2', 13),
(908, 'LATIFAH', 2147483647, 530, 'XI', '2', 13),
(909, 'MERY MAHARANI AGUSTIN', 57656590, 531, 'XI', '2', 13),
(910, 'MOHAMMAD PURWADIANSYAH', 55748654, 532, 'XI', '2', 13),
(911, 'PUTRI ASIH', 54106251, 533, 'XI', '2', 13),
(912, 'QIQI AMELIA', 55029656, 534, 'XI', '2', 13),
(913, 'RETA', 57054361, 535, 'XI', '2', 13),
(914, 'RIANDINI TRISNAWATY', 54518674, 536, 'XI', '2', 13),
(915, 'SHYEROLINE MARIETTA LESMANA', 65285696, 537, 'XI', '2', 13),
(916, 'SITI NURHALISA', 59069370, 538, 'XI', '2', 13),
(917, 'UNSIATUL MAFRUROH', 48047848, 539, 'XI', '2', 13),
(918, 'ABHISTA FARREL KAROMAH HIBATUL', 63547266, 540, 'XI', '1', 1),
(919, 'AHMAD ABDILLAH FAZA', 58404369, 541, 'XI', '1', 1),
(920, 'ALIF ZAKY LUTFIANSYAH', 55911821, 542, 'XI', '1', 1),
(921, 'ARIL BENI SETIAWAN', 53218284, 543, 'XI', '1', 1),
(922, 'CHELO TASNIM HARYONO', 65665455, 544, 'XI', '1', 1),
(923, 'DAVA FARANEZAR', 56997002, 545, 'XI', '1', 1),
(924, 'DIMAS REGA ADIWIJAYA', 54081655, 546, 'XI', '1', 1),
(925, 'HARIS MOCHAMMAD ISHAK', 69086093, 547, 'XI', '1', 1),
(926, 'LUQMANAYA WAHIDAN SUTANTO', 58406647, 548, 'XI', '1', 1),
(927, 'MOHAMMAD DAVILAH AKBAR', 43408629, 549, 'XI', '1', 1),
(928, 'MOHAMMAD RAYHAN ZHIDAD', 66908027, 550, 'XI', '1', 1),
(929, 'MUHAMMAD GUFRON', 44971753, 551, 'XI', '1', 1),
(930, 'MUHAMMAD IKROM', 64807502, 552, 'XI', '1', 1),
(931, 'MUHAMMAD IRFAN UBAIDILLAH', 62422081, 553, 'XI', '1', 1),
(932, 'MUHAMMAD MAHRUS', 55841851, 554, 'XI', '1', 1),
(933, 'PUTRA ADITYA PERKASA', 43568101, 555, 'XI', '1', 1),
(934, 'RADHITIA PRATAMA EFFENDY', 53652403, 556, 'XI', '1', 1),
(935, 'RAYA GHANIYYA YUDA', 67362875, 557, 'XI', '1', 1),
(936, 'RISKI YANTONO AVIS', 57454902, 558, 'XI', '1', 1),
(937, 'RIZKY', 69938069, 559, 'XI', '1', 1),
(938, 'SITI QOMARIATUL MAULIDIA', 53262980, 560, 'XI', '1', 1),
(939, 'TABINA FAISA PRIBADI', 68627439, 561, 'XI', '1', 1),
(940, 'TEGUH WICHAKSONO', 55818174, 562, 'XI', '1', 1),
(941, 'WILDAN ZAKI AMALI', 55162169, 563, 'XI', '1', 1),
(942, 'YUVIAR NUZUL RAMADHANI', 55416829, 564, 'XI', '1', 1),
(943, 'ACHMAD ABDILLAH', 66098207, 565, 'XI', '2', 1),
(944, 'AKSIN LABIBUS SAID', 56668212, 566, 'XI', '2', 1),
(945, 'ANANTA WIDAYANI', 64343214, 567, 'XI', '2', 1),
(946, 'ARIF HIDAYATULLAH', 59316753, 568, 'XI', '2', 1),
(947, 'BIMA SATRIA PERMANA', 68460028, 569, 'XI', '2', 1),
(948, 'DAFANSYAH GILANG RAMADHAN', 57870419, 570, 'XI', '2', 1),
(949, 'DIMAS NURYADI SAPUTRA', 67558773, 571, 'XI', '2', 1),
(950, 'GALANG SAMUDRA EFENDI', 55622207, 572, 'XI', '2', 1),
(951, 'IMAM MUSTAQIM', 55452858, 573, 'XI', '2', 1),
(952, 'LUQMANUL HAKIM', 55133474, 574, 'XI', '2', 1),
(953, 'MOHAMMAD RADIT FIRMANZAH', 2147483647, 575, 'XI', '2', 1),
(954, 'MUHAMMAD BAGAS RANDIYANTO', 57723861, 576, 'XI', '2', 1),
(955, 'MUHAMMAD IBNU AQIL', 67123274, 577, 'XI', '2', 1),
(956, 'MUHAMMAD ILMI RIZAL WARDANA SA', 54187658, 578, 'XI', '2', 1),
(957, 'MUHAMMAD KABID GHITHRAF', 66473243, 579, 'XI', '2', 1),
(958, 'MUHAMMAD ZIDANE PUTRA DESWANTO', 58596118, 580, 'XI', '2', 1),
(959, 'RADHIT AUNULLAH ASSAJID', 52342178, 581, 'XI', '2', 1),
(960, 'RAFI AGUS LAKSONO', 51247856, 582, 'XI', '2', 1),
(961, 'RENO MUJIO RAHMAN', 32803713, 583, 'XI', '2', 1),
(962, 'RIVANDO PUTRA PRATAMA', 51178317, 584, 'XI', '2', 1),
(963, 'SITI RAUDATUL JANNAH', 62048806, 585, 'XI', '2', 1),
(964, 'SULTAN FACHRI AZIZ', 53629109, 586, 'XI', '2', 1),
(965, 'WILDAN AL AZIZ', 67310766, 587, 'XI', '2', 1),
(966, 'YOANRE LOUIS ALPHANABIUS HAZIR', 69386357, 588, 'XI', '2', 1),
(967, 'ZASKIA AFRINA KHALIQ', 68204415, 589, 'XI', '2', 1),
(968, 'ADELIA OKTARINA', 45969433, 590, 'XII', '1', 12),
(969, 'ADHISTIAN NAZILAH', 53643994, 591, 'XII', '1', 12),
(970, 'ANANDA RIZQI BUDI PRATAMA', 47253093, 592, 'XII', '1', 12),
(971, 'ARDIYANTO ANSORI', 44490147, 593, 'XII', '1', 12),
(972, 'BENEDICTHA HASYA CANTIKA RACHM', 44647294, 594, 'XII', '1', 12),
(973, 'DIAN LILIANA', 42843907, 595, 'XII', '1', 12),
(974, 'DICKI SATRIO WIJAKSONO', 43650986, 596, 'XII', '1', 12),
(975, 'DITA AINUN PUTRI KOMARIYAH', 48944905, 597, 'XII', '1', 12),
(976, 'ELIATUS ZIADAH', 43005163, 598, 'XII', '1', 12),
(977, 'EZRA KRISMANKA URBANI', 46850400, 599, 'XII', '1', 12),
(978, 'FARREL EZZA KUSUMA FAHREZY', 48538223, 600, 'XII', '1', 12),
(979, 'FINDI DEWI NOVITA SARI', 49024792, 601, 'XII', '1', 12),
(980, 'HIKMATUL KHAROMAH', 48312166, 602, 'XII', '1', 12),
(981, 'IMELIA PRATIWI JULIANTI', 46825412, 603, 'XII', '1', 12),
(982, 'LAILA NUR HIKMA', 52887209, 604, 'XII', '1', 12),
(983, 'LINDA FEBRIYANTI', 49516744, 605, 'XII', '1', 12),
(984, 'MARETA DWI LESTARI', 54312223, 606, 'XII', '1', 12),
(985, 'MAULANA HAIRUL WAHIDI', 49428025, 607, 'XII', '1', 12),
(986, 'MOHAMMAD RIKO FERNANDO', 47072135, 608, 'XII', '1', 12),
(987, 'MUHAMMAD NUR BASTIAN KHOLILULL', 53641955, 609, 'XII', '1', 12),
(988, 'NADIYA IKA YULIANTI', 42067148, 610, 'XII', '1', 12),
(989, 'NING TYAS DEVI JULIARTI', 47871418, 611, 'XII', '1', 12),
(990, 'NOFITA SARI', 49173985, 612, 'XII', '1', 12),
(991, 'NUR SHARIKA', 47940888, 613, 'XII', '1', 12),
(992, 'PUTRI SOFIATUL MAULA', 43105452, 614, 'XII', '1', 12),
(993, 'REVALDI RIKIYONO', 47677446, 615, 'XII', '1', 12),
(994, 'SAFIRATUL HASANAH', 42043137, 616, 'XII', '1', 12),
(995, 'SILFI WULANDARI', 57191758, 617, 'XII', '1', 12),
(996, 'SITI AINUR ROHMAH', 46367013, 618, 'XII', '1', 12),
(997, 'SITI UMI KULSUM', 44152443, 619, 'XII', '1', 12),
(998, 'SITTI LUTVIAH', 43885988, 620, 'XII', '1', 12),
(999, 'TUTIYA MARINA', 49076290, 621, 'XII', '1', 12),
(1000, 'WIDIA SAPUTRI DEWI', 48891487, 622, 'XII', '1', 12),
(1001, 'ADELIA AMANDA PUTRI NUR WAHYUD', 52556188, 623, 'XII', '2', 12),
(1002, 'ADELIA TATIK DWI OKTAVIANA', 51373253, 624, 'XII', '2', 12),
(1003, 'AININ MASRUROH', 44468130, 625, 'XII', '2', 12),
(1004, 'ASMAUL JANNATUL FITRI', 47919688, 626, 'XII', '2', 12),
(1005, 'DELA AYU LUHING PRIYANTI', 55197986, 627, 'XII', '2', 12),
(1006, 'DENI YADI', 47552464, 628, 'XII', '2', 12),
(1007, 'DINDA AURORANDIS ADENIA', 45192016, 629, 'XII', '2', 12),
(1008, 'DWINDRI NUR ANGGRAINI', 45768678, 630, 'XII', '2', 12),
(1009, 'ELVIRA NUR AMINAH', 60070670, 631, 'XII', '2', 12),
(1010, 'FAHIR ABDUL HALIK', 39218512, 632, 'XII', '2', 12),
(1011, 'FEBRI YANTI', 56283288, 633, 'XII', '2', 12),
(1012, 'FIRDA NURAINI', 43827104, 634, 'XII', '2', 12),
(1013, 'IMELDA DEA PITALOKA', 49343101, 635, 'XII', '2', 12),
(1014, 'JEFRI RASIO', 45281797, 636, 'XII', '2', 12),
(1015, 'KHAIRUN NISA\'', 45701064, 637, 'XII', '2', 12),
(1016, 'LAILATUL AULIA', 48319161, 638, 'XII', '2', 12),
(1017, 'LOLITA SEPTIA EKA SAPUTRI', 46922737, 639, 'XII', '2', 12),
(1018, 'MOHAMMAD FADIL ZAENI', 55176709, 640, 'XII', '2', 12),
(1019, 'MUHAMMAD BIRRIL', 45718364, 641, 'XII', '2', 12),
(1020, 'MUHAMMAD RAIHAN MUHTAROMI', 58584481, 642, 'XII', '2', 12),
(1021, 'MURTASIYATUN NAMIRAH', 45289365, 643, 'XII', '2', 12),
(1022, 'NADIA STEFANI FEBRIANTI', 56139244, 644, 'XII', '2', 12),
(1023, 'NAVISA SALSABILLA', 66793485, 645, 'XII', '2', 12),
(1024, 'NOFI AYU RAMADANI', 46938437, 646, 'XII', '2', 12),
(1025, 'NOVI RAHMAWATI', 44969596, 647, 'XII', '2', 12),
(1026, 'PUTRI DWI ANDITA', 49619240, 648, 'XII', '2', 12),
(1027, 'RENI TRI ANGGRAENI', 58192749, 649, 'XII', '2', 12),
(1028, 'SEPTI TRIA ANANDA', 47810307, 650, 'XII', '2', 12),
(1029, 'SINTA APRILIANI WULANDARI', 45252585, 651, 'XII', '2', 12),
(1030, 'SITTI AYU WULANDARI', 58344703, 652, 'XII', '2', 12),
(1031, 'WASIFATUL KARIMA', 27569427, 653, 'XII', '2', 12),
(1032, 'YULI ANGGA TRI WAHYUDA', 38607079, 654, 'XII', '2', 12),
(1033, 'ABEL AGUSTIN ANGGERAINI', 54457226, 655, 'XII', '1', 10),
(1034, 'ANDINI', 46046849, 656, 'XII', '1', 10),
(1035, 'ANGGA ARIGUSTI PRATAMA', 46740561, 657, 'XII', '1', 10),
(1036, 'ARDILA HOLIFAH', 51471767, 658, 'XII', '1', 10),
(1037, 'AYU PURNAMASARI', 49966637, 659, 'XII', '1', 10),
(1038, 'DESY RIZKIYANI NURHALIZAH', 49386528, 660, 'XII', '1', 10),
(1039, 'DEWI AYU SETIAWATI', 46369604, 661, 'XII', '1', 10),
(1040, 'DIMAS PUTRA ADI PURNOMO', 46798620, 662, 'XII', '1', 10),
(1041, 'DWI LUTVITA SARI', 47223878, 663, 'XII', '1', 10),
(1042, 'DWI TRIYATI NURANI', 45957576, 664, 'XII', '1', 10),
(1043, 'FEBY IRA SAFITRI', 49721493, 665, 'XII', '1', 10),
(1044, 'GINA PUTRI EKA SUGIANTO', 47074387, 666, 'XII', '1', 10),
(1045, 'HESTIANA', 46781217, 667, 'XII', '1', 10),
(1046, 'JOVINTA DELLA INKA PUTRI', 46131261, 668, 'XII', '1', 10),
(1047, 'JULIANTO NUGROHO', 49257402, 669, 'XII', '1', 10),
(1048, 'KARIMAH ALYATUR ROSIDAH', 44027079, 670, 'XII', '1', 10),
(1049, 'LIVIA SARI', 51398011, 671, 'XII', '1', 10),
(1050, 'MOHAMMAD LUTFI', 57317812, 672, 'XII', '1', 10),
(1051, 'MUTHIAH NAILA SALSABILA', 67935648, 673, 'XII', '1', 10),
(1052, 'NIKEN AYU PURBALARAS', 49650904, 674, 'XII', '1', 10),
(1053, 'PUTRI AINUR ROHIMAH', 59261049, 675, 'XII', '1', 10),
(1054, 'RAHADIAN MOCHAMMAD GUSTI REZA', 55040375, 676, 'XII', '1', 10),
(1055, 'RETA YOLANDA WULANDARI', 51404552, 677, 'XII', '1', 10),
(1056, 'RINDA MUFEGA', 45479561, 678, 'XII', '1', 10),
(1057, 'SINTA DWI AGUSTINA', 42904362, 679, 'XII', '1', 10),
(1058, 'SITI FITRIYAH', 45436798, 680, 'XII', '1', 10),
(1059, 'SITI NURAFIFAH', 57456613, 681, 'XII', '1', 10),
(1060, 'SITI SYAFA KAMILA', 42783411, 682, 'XII', '1', 10),
(1061, 'SITI YAFIAH AFAF', 49875560, 683, 'XII', '1', 10),
(1062, 'TIA SUKMA AGUSTIN', 48278781, 684, 'XII', '1', 10),
(1063, 'WARDATUL ASFIYAKH', 56257813, 685, 'XII', '1', 10),
(1064, 'YESA MARIA SAFA', 45817066, 686, 'XII', '1', 10),
(1065, 'ADITA WAHYUNINGTYAS TRISNOWATI', 53822156, 687, 'XII', '2', 10),
(1066, 'AHMAD DENI VIRMANSYAH', 2147483647, 688, 'XII', '2', 10),
(1067, 'ANGGI INAYATUR ROHMATILLAH', 57971159, 689, 'XII', '2', 10),
(1068, 'ANIS NUR DIANA SAFITRI', 31009746, 690, 'XII', '2', 10),
(1069, 'ARINA SABILA HUSNA', 41529281, 691, 'XII', '2', 10),
(1070, 'AYU SALSABILA', 54366687, 692, 'XII', '2', 10),
(1071, 'CELVIN DWI SEPTIAN', 57491343, 693, 'XII', '2', 10),
(1072, 'DEVINA NUR SHAROOF', 55592922, 694, 'XII', '2', 10),
(1073, 'DEWI INDRIANI', 47679182, 695, 'XII', '2', 10),
(1074, 'DWI SASI SUKMANINGTIAS', 45252911, 696, 'XII', '2', 10),
(1075, 'ERVIN LAILATUL FEBRIANTI', 52060639, 697, 'XII', '2', 10),
(1076, 'FINDANI AZZAHRAH', 45015615, 698, 'XII', '2', 10),
(1077, 'HELMIATUN HASANAH', 42449094, 699, 'XII', '2', 10),
(1078, 'IMELDA AGUSTIN', 43106144, 700, 'XII', '2', 10),
(1079, 'IQBAL FIRDIYANSYAH', 58585982, 701, 'XII', '2', 10),
(1080, 'KAMILIYA', 43309435, 702, 'XII', '2', 10),
(1081, 'KHAIRUN NISA JANUAR DANIS', 52922449, 703, 'XII', '2', 10),
(1082, 'MAULINA APRILIA RAHMAWATI', 43008167, 704, 'XII', '2', 10),
(1083, 'MUHAMMAD ZAIROSI', 38220957, 705, 'XII', '2', 10),
(1084, 'NADIA PRAWITHA DEWI', 46961707, 706, 'XII', '2', 10),
(1085, 'NUR AINI INDI PRATIWI', 43831300, 707, 'XII', '2', 10),
(1086, 'REINITA NUR AZIZAH', 52938271, 708, 'XII', '2', 10),
(1087, 'RIKA EKA AULIA', 56063221, 709, 'XII', '2', 10),
(1088, 'RITA YUNIA SARI', 45566588, 710, 'XII', '2', 10),
(1089, 'SITI AISAH', 45958810, 711, 'XII', '2', 10),
(1090, 'SITI HALIMAH', 48996426, 712, 'XII', '2', 10),
(1091, 'SITI NURKHALISA APRILIA KARTIK', 42868375, 713, 'XII', '2', 10),
(1092, 'SITI WAHIDAH HAIRUN NISA', 31802799, 714, 'XII', '2', 10),
(1093, 'TYAS DRAS DISTIS TIANA', 55392124, 715, 'XII', '2', 10),
(1094, 'WIJIATI', 48070012, 716, 'XII', '2', 10),
(1095, 'YULI DENIANTO', 59131446, 717, 'XII', '2', 10),
(1096, 'AZURA FEBRY KUSUMAWARDANI', 54751305, 718, 'XII', '1', 13),
(1097, 'BABUN HIDAYANTI', 53761590, 719, 'XII', '1', 13),
(1098, 'CAHYA NABILA MUKHLISA PUTRI', 43145898, 720, 'XII', '1', 13),
(1099, 'CAMELIATUL AINI', 49604763, 721, 'XII', '1', 13),
(1100, 'CINDI ARISTA SARI', 48859095, 722, 'XII', '1', 13),
(1101, 'DELA ULFA ELISA AINI', 41848098, 723, 'XII', '1', 13),
(1102, 'DEWI ANGGIANI', 44883370, 724, 'XII', '1', 13),
(1103, 'DHESTIN CANTIKA MULIA ANERAY', 41110460, 725, 'XII', '1', 13),
(1104, 'DIAN LESTARI', 53047312, 726, 'XII', '1', 13),
(1105, 'DINA USWATUN HASANAH', 48218494, 727, 'XII', '1', 13),
(1106, 'DWI ERINA SEPTIA', 45212693, 728, 'XII', '1', 13),
(1107, 'FARADILA AYU LESTARI', 47798204, 729, 'XII', '1', 13),
(1108, 'FATIMATUS ZAHRO', 58435161, 730, 'XII', '1', 13),
(1109, 'FIRANI YUNIAR', 58658176, 731, 'XII', '1', 13),
(1110, 'IKA ARSITA', 41062805, 732, 'XII', '1', 13),
(1111, 'IMELIA ZAHROTUL AWALIYAH', 55868819, 733, 'XII', '1', 13),
(1112, 'INTAN SOVIA TRI HANDAYANI', 53744258, 734, 'XII', '1', 13),
(1113, 'KEVIN ADISTIAH', 45293143, 735, 'XII', '1', 13),
(1114, 'LOVI EKA BARETHA', 47308039, 736, 'XII', '1', 13),
(1115, 'MARTHA SAFIRA', 46530649, 737, 'XII', '1', 13),
(1116, 'MUHAMMAD ROFIK AL FARISI', 47239350, 738, 'XII', '1', 13),
(1117, 'MUHAMMAD UBAYDILLAH', 47769196, 739, 'XII', '1', 13),
(1118, 'NABILA NURLITASARI', 53494907, 740, 'XII', '1', 13),
(1119, 'NANDA MAUDHATUL FITRIA SHELSAB', 45192010, 741, 'XII', '1', 13),
(1120, 'NANDINI RIFDA EKA YULISTIA', 55729805, 742, 'XII', '1', 13),
(1121, 'NAYSILA PUTRI SAFIRA', 48272854, 743, 'XII', '1', 13),
(1122, 'NING INDAH KUMALASARI', 49817070, 744, 'XII', '1', 13),
(1123, 'NINIS AGUSTINA', 25297637, 745, 'XII', '1', 13),
(1124, 'NUR ASIYAH AYU WULANDARI', 45800416, 746, 'XII', '1', 13),
(1125, 'PUTRI LARASSATI', 48646713, 747, 'XII', '1', 13),
(1126, 'ROBIATUS SOLEHAH', 42209676, 748, 'XII', '1', 13),
(1127, 'ROFIATUL HASANAH', 52580611, 749, 'XII', '1', 13),
(1128, 'SISKA FEBRIYANTI', 58055946, 750, 'XII', '1', 13),
(1129, 'SRI WAHYUNI UTAMI', 54204907, 751, 'XII', '1', 13),
(1130, 'VINA IQOMATURROHMAH', 45226890, 752, 'XII', '1', 13),
(1131, 'AFREZA RADHITYA BRAMASTA', 58706040, 753, 'XII', '1', 11),
(1132, 'AMILIA FEBINA ZAHROTUNNISA', 56147928, 754, 'XII', '1', 11),
(1133, 'ANDRIANTO', 35021420, 755, 'XII', '1', 11),
(1134, 'ARIEL GUSTI HIDAYAT', 56212145, 756, 'XII', '1', 11),
(1135, 'AYU WULANDARI', 42168523, 757, 'XII', '1', 11),
(1136, 'DANI SAPUTRA', 64276973, 758, 'XII', '1', 11),
(1137, 'DELA NUR AINI', 43863035, 759, 'XII', '1', 11),
(1138, 'DESITA ANGRAINI NURHASANAH', 43002547, 760, 'XII', '1', 11),
(1139, 'EKA FERDIAN SYAH', 49404385, 761, 'XII', '1', 11),
(1140, 'EKO DONI SETYAWAN', 49115897, 762, 'XII', '1', 11),
(1141, 'EMILIA AGUSTIN', 45816107, 763, 'XII', '1', 11),
(1142, 'EVA MARDHIATUN NISA', 46967365, 764, 'XII', '1', 11),
(1143, 'FATHOR RANGGA', 47010646, 765, 'XII', '1', 11),
(1144, 'INDRI AURA AFRILIA', 55482960, 766, 'XII', '1', 11),
(1145, 'LAELATUL KODRIAH', 45953399, 767, 'XII', '1', 11),
(1146, 'MISBAHUL ANAM', 48603668, 768, 'XII', '1', 11),
(1147, 'MOHAMMAD AFRIZAL AKBAR', 53521523, 769, 'XII', '1', 11),
(1148, 'MUHAMMAD ALDY JANUAR', 56006212, 770, 'XII', '1', 11),
(1149, 'MUHAMMAD FAREL BASORI', 51500778, 771, 'XII', '1', 11),
(1150, 'MUHAMMAD HIMAWAN IQBAL', 52201419, 772, 'XII', '1', 11),
(1151, 'NABILA TRI INSIYAH', 35923958, 773, 'XII', '1', 11),
(1152, 'NURUL HAKIKI', 33809883, 774, 'XII', '1', 11),
(1153, 'PRITA DWI ARI WINANTA', 53080939, 775, 'XII', '1', 11),
(1154, 'PUTRI TANTRI AYU', 49805428, 776, 'XII', '1', 11),
(1155, 'REVY AULIA PUTRI', 55282812, 777, 'XII', '1', 11),
(1156, 'SELLA OKTAFIA', 34348762, 778, 'XII', '1', 11),
(1157, 'SHELA TITANIA', 55233752, 779, 'XII', '1', 11),
(1158, 'SIFAUL RAHMANIAH', 59425946, 780, 'XII', '1', 11),
(1159, 'SITI FITRIYAH', 42246336, 781, 'XII', '1', 11),
(1160, 'SURO DWI SUKARYADI', 33845563, 782, 'XII', '1', 11),
(1161, 'USWATUL HASANAH', 44733809, 783, 'XII', '1', 11),
(1162, 'WIDATUL HASANAH', 42989452, 784, 'XII', '1', 11),
(1163, 'AGUS WAHYUDI', 46125648, 785, 'XII', '2', 11),
(1164, 'ANISA PUTRI VALENTINA', 55115444, 786, 'XII', '2', 11),
(1165, 'ANUGRAH ADE AJI FIRDAUS', 56609251, 787, 'XII', '2', 11),
(1166, 'AYU APRILIA DWI FEBRIANTI', 42581992, 788, 'XII', '2', 11),
(1167, 'BEILLA NOVINDA MARDHATILAH SAR', 48034562, 789, 'XII', '2', 11),
(1168, 'CANDRA ROIHAN SETIA', 2147483647, 790, 'XII', '2', 11),
(1169, 'DECKY HENDRAWAN JHONIARTO', 61795379, 791, 'XII', '2', 11),
(1170, 'DELA PUSPITA', 54155708, 792, 'XII', '2', 11),
(1171, 'DIFA AGUSTIN', 41929010, 793, 'XII', '2', 11),
(1172, 'EKA YULI ROHMATUL AZISAH', 43995618, 794, 'XII', '2', 11),
(1173, 'ENGGAR ADI SAPUTRA', 54680661, 795, 'XII', '2', 11),
(1174, 'ERFIN AMRILLAH', 54083478, 796, 'XII', '2', 11),
(1175, 'FENTY FEBRIANTY', 56903366, 797, 'XII', '2', 11),
(1176, 'FERI MARDIANSYAH', 46930248, 798, 'XII', '2', 11),
(1177, 'HALIMATUS SAKDIA', 67350825, 799, 'XII', '2', 11),
(1178, 'JINANI FIRDAUSIAH', 69213776, 800, 'XII', '2', 11),
(1179, 'LAILATUL SILSILAH', 2147483647, 801, 'XII', '2', 11),
(1180, 'MOCH. FEBRIYAN', 42242814, 802, 'XII', '2', 11),
(1181, 'MOHAMMAD ANDRIE FERIANTO', 2147483647, 803, 'XII', '2', 11),
(1182, 'MUHAMMAD FARHAN MAULANA', 56201921, 804, 'XII', '2', 11),
(1183, 'MUHAMMAD REZA WIJAYANTO', 47816256, 805, 'XII', '2', 11),
(1184, 'NADIA ARI SYANDI', 58705797, 806, 'XII', '2', 11),
(1185, 'NURGITA APRILIA', 56943461, 807, 'XII', '2', 11),
(1186, 'PUTRI AYU APRILIA', 58463861, 808, 'XII', '2', 11),
(1187, 'RANI ASMARANI', 55622716, 809, 'XII', '2', 11),
(1188, 'RENGGA TRI WIJAYA', 45263773, 810, 'XII', '2', 11),
(1189, 'SAKDIYAH', 51710341, 811, 'XII', '2', 11),
(1190, 'SAVIRA MEILINDA SARI', 56544312, 812, 'XII', '2', 11),
(1191, 'SEPTI AMALIA', 47766236, 813, 'XII', '2', 11),
(1192, 'SHELFI WULANDARI', 53492854, 814, 'XII', '2', 11),
(1193, 'SINTA EKA APRILIA', 57419646, 815, 'XII', '2', 11),
(1194, 'SITI NURUL JANNAH', 47355064, 816, 'XII', '2', 11),
(1195, 'UBAIDILLAH', 53541044, 817, 'XII', '2', 11),
(1196, 'WINDA RAMADHANI', 2147483647, 818, 'XII', '2', 11),
(1197, 'AHMAD RISQI ', 44601681, 819, 'XII', '3', 11),
(1198, 'AISYATUR RIDHA', 42107400, 820, 'XII', '3', 11),
(1199, 'APRILIA MARIA ULFA', 27149671, 821, 'XII', '3', 11),
(1200, 'ARIEF RACHMAN SYAH', 60074198, 822, 'XII', '3', 11),
(1201, 'AYU NUR ISTIQOMAH', 51761231, 823, 'XII', '3', 11),
(1202, 'CINTA SALSABILA', 48053709, 824, 'XII', '3', 11),
(1203, 'COKRO YUDHA KUSUMA', 46241737, 825, 'XII', '3', 11),
(1204, 'DESI ADELIA NINGTYAS', 46799826, 826, 'XII', '3', 11),
(1205, 'DIMAS RISKI MAULANA', 45229853, 827, 'XII', '3', 11),
(1206, 'DWI OKTAVIANA', 46552651, 828, 'XII', '3', 11),
(1207, 'EMI SHERLIANA LARAS SAPUTRI', 25294263, 829, 'XII', '3', 11),
(1208, 'ERVIN ROSITA WARDATUL AINI', 44231279, 830, 'XII', '3', 11),
(1209, 'FARAKIANZAH PERDANA PUTRA', 46480134, 831, 'XII', '3', 11),
(1210, 'FITRIYAH', 1234567891, 832, 'XII', '3', 11),
(1211, 'INDRA FIRMANDA', 48976539, 833, 'XII', '3', 11),
(1212, 'JUANA', 45920863, 834, 'XII', '3', 11),
(1213, 'MOCHAMMAD HUMAIDI', 45350970, 835, 'XII', '3', 11),
(1214, 'MUHAMMAD AGUNG APRIANTO', 46062533, 836, 'XII', '3', 11),
(1215, 'MUHAMMAD EGY', 47164889, 837, 'XII', '3', 11),
(1216, 'MUHAMMAD FATHOR RASI', 33760068, 838, 'XII', '3', 11),
(1217, 'MUHAMMAD SLAMET WIJAKSONO', 57570056, 839, 'XII', '3', 11),
(1218, 'NABILA FIRDAUS', 47860118, 840, 'XII', '3', 11),
(1219, 'NADIA MARETA ANGGRAINI', 58061159, 841, 'XII', '3', 11),
(1220, 'NURUL QOMARIYAH', 2147483647, 842, 'XII', '3', 11),
(1221, 'PUTRI NANDA AMILIA', 49033019, 843, 'XII', '3', 11),
(1222, 'RONI ISKANDAR', 41486433, 844, 'XII', '3', 11),
(1223, 'SEVIAH MARDIYAH ROHMI', 53612790, 845, 'XII', '3', 11),
(1224, 'SHERLLY MARATUL HASANAH', 44545741, 846, 'XII', '3', 11),
(1225, 'SITI FAISZATI AMINI', 48926512, 847, 'XII', '3', 11),
(1226, 'SITI RAUDATUL HASANAH', 58333035, 848, 'XII', '3', 11),
(1227, 'VIDIA LAILATUS ZAHRO', 51189102, 849, 'XII', '3', 11),
(1228, 'ZAHRATUL NISAH', 57240491, 850, 'XII', '3', 11),
(1229, 'ABDUL KAFI', 56579610, 851, 'XII', '1', 4),
(1230, 'ABDULLAH ABDUL KADIR AL HAMID', 57440698, 852, 'XII', '1', 4),
(1231, 'ADE TANANTO SETIAWAN', 37201389, 853, 'XII', '1', 4),
(1232, 'AGUNG HADI PRASETYO', 51142968, 854, 'XII', '1', 4),
(1233, 'AHMAD FADIL SAPUTRA', 45530135, 855, 'XII', '1', 4),
(1234, 'AHMAD RIVAL NUR WAHYUDIANTO', 36289715, 856, 'XII', '1', 4),
(1235, 'AKBAR MAULIDI RISKIAWAN', 45212668, 857, 'XII', '1', 4),
(1236, 'ALI ZAENAL ABIDIN', 2147483647, 858, 'XII', '1', 4),
(1237, 'ANDIK RAHMAT SUGIARTO', 45135393, 859, 'XII', '1', 4),
(1238, 'ANWAR NURIST', 35565689, 860, 'XII', '1', 4),
(1239, 'ARDIANSAH DWI YULIANTO', 37325172, 861, 'XII', '1', 4),
(1240, 'FERDIO DWI SYAPUTRA', 49365112, 862, 'XII', '1', 4),
(1241, 'FIKRI SOFI', 43020804, 863, 'XII', '1', 4),
(1242, 'HELMI SIDDIKI', 42202414, 864, 'XII', '1', 4),
(1243, 'MAMLUATUL INAYAH', 58226277, 865, 'XII', '1', 4),
(1244, 'MARS FANDA HABDI SAPUTRA', 39885598, 866, 'XII', '1', 4),
(1245, 'MOHAMAD ROFIQI', 33044338, 867, 'XII', '1', 4),
(1246, 'MOHAMMAD AKBAR FIRMAN WAHID', 47617404, 868, 'XII', '1', 4),
(1247, 'MOHAMMAD FARHAN ARIZONA', 46914249, 869, 'XII', '1', 4);
INSERT INTO `siswa` (`id`, `nama`, `nisn`, `no_peserta`, `kelas`, `no_kelas`, `id_jurusan`) VALUES
(1248, 'MUHAMAD AZKA MUHTADI WAJHILLAH', 58912981, 870, 'XII', '1', 4),
(1249, 'MUHAMAD ZAINUL UMAM', 59125569, 871, 'XII', '1', 4),
(1250, 'MUHAMMAD ANSORY', 2147483647, 872, 'XII', '1', 4),
(1251, 'MUHAMMAD DICKA HENDRIYANTO', 51471759, 873, 'XII', '1', 4),
(1252, 'MUHAMMAD HAFIFUDDIN SUHUD', 41466294, 874, 'XII', '1', 4),
(1253, 'MUHAMMAD IZZAT AL AYYUBI', 47383255, 875, 'XII', '1', 4),
(1254, 'MUHAMMAD SAYFUDIN', 47452835, 876, 'XII', '1', 4),
(1255, 'MUHAMMAD ZALAHUDIN WAHID', 43977737, 877, 'XII', '1', 4),
(1256, 'RAHMAD ZAINUR ARIFIN', 57103788, 878, 'XII', '1', 4),
(1257, 'RAIHAN GILANG SAPUTRA', 57314925, 879, 'XII', '1', 4),
(1258, 'SAFIUDIN', 53011744, 880, 'XII', '1', 4),
(1259, 'TRI FEBRI ADIYANTO', 29833500, 881, 'XII', '1', 4),
(1260, 'TRIO MAULANA ADITYA APRIYANTO', 51010099, 882, 'XII', '1', 4),
(1261, 'WAHYU NIKITA CHAIRUNNISA', 41443962, 883, 'XII', '1', 4),
(1262, 'WALDI GUSTIAR IZZUL VIKRI', 39625812, 884, 'XII', '1', 4),
(1263, 'ABDUL WAHID ATTAMIMI', 49542662, 885, 'XII', '2', 4),
(1264, 'ADAM BAHTIAR', 49369692, 886, 'XII', '2', 4),
(1265, 'ADITYA EKA PRASETYA', 55519934, 887, 'XII', '2', 4),
(1266, 'AHMAD BAIHAKI', 2147483647, 888, 'XII', '2', 4),
(1267, 'AHMAD LUTFI', 53384171, 889, 'XII', '2', 4),
(1268, 'AHMAD ZUHAIR YUSUF', 44031526, 890, 'XII', '2', 4),
(1269, 'ALDIAN SYAHRIL', 42887106, 891, 'XII', '2', 4),
(1270, 'AMINUDIN', 52285547, 892, 'XII', '2', 4),
(1271, 'ANGGA PUTRA PERMATA', 56641741, 893, 'XII', '2', 4),
(1272, 'DEVITA FAUZIAH', 47824617, 894, 'XII', '2', 4),
(1273, 'DHIMAS MAULANA FIRMANSYAH', 54232076, 895, 'XII', '2', 4),
(1274, 'FARAH SALSABILA ROHMA', 57404056, 896, 'XII', '2', 4),
(1275, 'FAUZAN ABDILLAH IBRAHIMI', 44588192, 897, 'XII', '2', 4),
(1276, 'FIKRI FIRMANSYAH', 45355487, 898, 'XII', '2', 4),
(1277, 'HAFIZH VIRGIAWAN ADIWIDYA', 45212691, 899, 'XII', '2', 4),
(1278, 'MARIO SERAF MARANTIKA', 55362875, 900, 'XII', '2', 4),
(1279, 'MOCHAMMAD JEFRI WIJAYA', 47533925, 901, 'XII', '2', 4),
(1280, 'MOHAMMAD FAIZAL FANANI', 44045117, 902, 'XII', '2', 4),
(1281, 'MOHAMMAD SHOVIAN HABIBURRAHMAN', 57008246, 903, 'XII', '2', 4),
(1282, 'MUHAMAD FAUZAN', 2147483647, 904, 'XII', '2', 4),
(1283, 'MUHAMMAD AFANDI', 42466897, 905, 'XII', '2', 4),
(1284, 'MUHAMMAD ALVANI MUBAROQ', 52724631, 906, 'XII', '2', 4),
(1285, 'MUHAMMAD BIN ABDILLAH HAMADAH', 57521166, 907, 'XII', '2', 4),
(1286, 'MUHAMMAD FATAH AL AQIL', 2147483647, 908, 'XII', '2', 4),
(1287, 'MUHAMMAD HASAN KAMIL', 39287015, 909, 'XII', '2', 4),
(1288, 'MUHAMMAD RIDWAN', 46869565, 910, 'XII', '2', 4),
(1289, 'MUHAMMAD SAHROFI', 46195336, 911, 'XII', '2', 4),
(1290, 'MUHAMMAD ZAINURI', 48735309, 912, 'XII', '2', 4),
(1291, 'RAHMAT JUNAYDI', 46955523, 913, 'XII', '2', 4),
(1292, 'ROKHID HASYIM ASHARY', 32566822, 914, 'XII', '2', 4),
(1293, 'TRI WULANDARI', 48489530, 915, 'XII', '2', 4),
(1294, 'TRIMADA BACHTIAR', 43205099, 916, 'XII', '2', 4),
(1295, 'VITO ZACKY ZAFRIZAL', 58167657, 917, 'XII', '2', 4),
(1296, 'YANUAR LUKMAN HAKIM', 51260449, 918, 'XII', '2', 4),
(1297, 'ACHMAD GHANIIY FEBRIANTO', 56385652, 919, 'XII', '1', 3),
(1298, 'AGIL AFRIANTO', 51556390, 920, 'XII', '1', 3),
(1299, 'AHMAD WIDAD', 53252097, 921, 'XII', '1', 3),
(1300, 'ANGELYNA REKARHISMA MARSAKA NO', 58728376, 922, 'XII', '1', 3),
(1301, 'ARIL BAHTIAR', 56701640, 923, 'XII', '1', 3),
(1302, 'ARINI AMALIAH PUTRI', 46654518, 924, 'XII', '1', 3),
(1303, 'BAGUS TIAR DWI CAHYO', 42063458, 925, 'XII', '1', 3),
(1304, 'BELLA TUTIK MUSTIKA', 47432102, 926, 'XII', '1', 3),
(1305, 'BIMA CAESAR ALFARABI', 45139204, 927, 'XII', '1', 3),
(1306, 'DERA DIAH ALFIANA', 46375911, 928, 'XII', '1', 3),
(1307, 'DEVAN BAGUS EFRIYANSYAH', 53043267, 929, 'XII', '1', 3),
(1308, 'DEWI NUR CINTA PUTRI', 49244209, 930, 'XII', '1', 3),
(1309, 'DWI ULFA YUSRIAH', 47218843, 931, 'XII', '1', 3),
(1310, 'FEBY YUSI NANDHA SURAHMAT', 52241248, 932, 'XII', '1', 3),
(1311, 'FIRDAUS YOGIAGUSTIN', 45893237, 933, 'XII', '1', 3),
(1312, 'IVAN AFANDI', 2147483647, 934, 'XII', '1', 3),
(1313, 'KUN MAULANA HIDAYATULLAH', 45571389, 935, 'XII', '1', 3),
(1314, 'NADIA NUR AFIFAH', 52221045, 936, 'XII', '1', 3),
(1315, 'RAIHAN HANIF', 41464639, 937, 'XII', '1', 3),
(1316, 'REYHAN FERGIANANDA APRIDIYANTO', 44675461, 938, 'XII', '1', 3),
(1317, 'ROSTIA AMANDA GUSAMARTHA', 55913425, 939, 'XII', '1', 3),
(1318, 'RYAN ADI SAPUTRA', 43953665, 940, 'XII', '1', 3),
(1319, 'SAPTIA HIDAYATUL JANNAH', 54844074, 941, 'XII', '1', 3),
(1320, 'SAVINA DWI AGNEZYA WULANDARI', 48793461, 942, 'XII', '1', 3),
(1321, 'SHOKHIBUL HIKAM', 47718477, 943, 'XII', '1', 3),
(1322, 'TEUKU MUHAMMAD FIRMANSYAH PUTR', 45646003, 944, 'XII', '1', 3),
(1323, 'VICKY HARDIYANSAH', 58708357, 945, 'XII', '1', 3),
(1324, 'WAHYU PRABOWO PUTRA', 54605823, 946, 'XII', '1', 3),
(1325, 'ACHMAD SHENDY UBAYDILLAH', 51352932, 947, 'XII', '2', 3),
(1326, 'AHMAD IRGI AFGIAN SYAH', 38033618, 948, 'XII', '2', 3),
(1327, 'AILSA FEBRY ANGGRAINI', 47313708, 949, 'XII', '2', 3),
(1328, 'ALAUDIN AL ATHARI', 49606559, 950, 'XII', '2', 3),
(1329, 'ANANDA ADITYA FIRMANSYAH', 41743427, 951, 'XII', '2', 3),
(1330, 'ANISA LIYANTI', 45603515, 952, 'XII', '2', 3),
(1331, 'ARJUNDA VIRGO AL FIZHAM', 45015660, 953, 'XII', '2', 3),
(1332, 'AYU DEWI HARTINI', 48925476, 954, 'XII', '2', 3),
(1333, 'BAKIR ZAINI', 49163027, 955, 'XII', '2', 3),
(1334, 'CATHERINA PUTRI HUTABARAT', 48580026, 956, 'XII', '2', 3),
(1335, 'DENI KUSUMA', 59039448, 957, 'XII', '2', 3),
(1336, 'DESI WULANDARI', 38536730, 958, 'XII', '2', 3),
(1337, 'DIMAS APRILIAN WAHYU PRATAMA', 44563623, 959, 'XII', '2', 3),
(1338, 'DWI AYU RATNA DEWI', 58531776, 960, 'XII', '2', 3),
(1339, 'FANI ADELIA PUTRI', 43656905, 961, 'XII', '2', 3),
(1340, 'GEVIRA EDIS DWI FEBRIAN', 54779268, 962, 'XII', '2', 3),
(1341, 'HAIRUL ANAM', 57802669, 963, 'XII', '2', 3),
(1342, 'HASTIAN SULTAN WIBISONO', 52415821, 964, 'XII', '2', 3),
(1343, 'ISMAIL GUSTY BINTANG PRATAMA', 44721310, 965, 'XII', '2', 3),
(1344, 'JULIANTO PRATAMA PUTRA', 47572132, 966, 'XII', '2', 3),
(1345, 'MOCHAMMAD NUR RIZQI PRATAMA', 52537526, 967, 'XII', '2', 3),
(1346, 'MUHAMMAD HENDRIK IRVAN ZHIDNI', 46905666, 968, 'XII', '2', 3),
(1347, 'MUHAMMAD UBAIDILLAH AZMI FIRDA', 52477470, 969, 'XII', '2', 3),
(1348, 'RAKAN FAJRIYANTO', 46084166, 970, 'XII', '2', 3),
(1349, 'RAYHAN SYAHDANA WICAKSONO', 57004273, 971, 'XII', '2', 3),
(1350, 'SAFA PUTRI ASZAHRO', 45326525, 972, 'XII', '2', 3),
(1351, 'SARIFAH MUTIARA FATIMAH', 51758369, 973, 'XII', '2', 3),
(1352, 'SEPTIO ADITYA CANDRA', 45862031, 974, 'XII', '2', 3),
(1353, 'TEUKU MUHAMMAD PASYA WIRASATYA', 54479605, 975, 'XII', '2', 3),
(1354, 'TIARA SUSAN FUADYAH', 57931420, 976, 'XII', '2', 3),
(1355, 'WAHYU ANANDA', 47920653, 977, 'XII', '2', 3),
(1356, 'ACHMAD BAYU AL GHOZALI', 46795176, 978, 'XII', '1', 1),
(1357, 'ADAM BARIERA', 57778762, 979, 'XII', '1', 1),
(1358, 'ADITIA FIRMANSYAH', 41703191, 980, 'XII', '1', 1),
(1359, 'AHMAD UBAIDILLAH', 47726419, 981, 'XII', '1', 1),
(1360, 'ARIEL FARHAN FAHREZI', 51693557, 982, 'XII', '1', 1),
(1361, 'DICKY MAULIA EKA SAPUTRA', 58468157, 983, 'XII', '1', 1),
(1362, 'DIMAS AHMADIYANTO', 49334036, 984, 'XII', '1', 1),
(1363, 'ELISA OKTAVIANA', 44765904, 985, 'XII', '1', 1),
(1364, 'FIRMAN ADIANSYAH', 52632128, 986, 'XII', '1', 1),
(1365, 'HAYDAR REZA FIRDAUS', 45041166, 987, 'XII', '1', 1),
(1366, 'IMELDA ALIFATUNNUR', 49488243, 988, 'XII', '1', 1),
(1367, 'IVAN VARENDURI', 46592632, 989, 'XII', '1', 1),
(1368, 'KATOH ABI MANYU SAPUTRA', 47062759, 990, 'XII', '1', 1),
(1369, 'MOCHAMMAD HENGKY DWI SEPTYAN', 49570035, 991, 'XII', '1', 1),
(1370, 'MUCH. RIZKY BRILIANTO', 45831850, 992, 'XII', '1', 1),
(1371, 'MUHAMMAD AIDAN BAZMUL', 45836933, 993, 'XII', '1', 1),
(1372, 'MUHAMMAD DIMAS HARDIYANTO', 47485251, 994, 'XII', '1', 1),
(1373, 'MUHAMMAD IVAN AVANSYAH', 43974270, 995, 'XII', '1', 1),
(1374, 'MUHAMMAD NOR KHOLIT', 48672784, 996, 'XII', '1', 1),
(1375, 'MUHAMMAD ZAFIL', 38301341, 997, 'XII', '1', 1),
(1376, 'NASHWA FAJRI LUSYYANA', 2147483647, 998, 'XII', '1', 1),
(1377, 'NURUL HADI', 47238783, 999, 'XII', '1', 1),
(1378, 'RENDY WAHYU WARDANA', 53000404, 1000, 'XII', '1', 1),
(1379, 'RYAN MAULANA', 55739364, 1001, 'XII', '1', 1),
(1380, 'SAVEMA AURELIANDARU IRAWAN', 53637549, 1002, 'XII', '1', 1),
(1381, 'SELDI ADI PURWANTO', 47044943, 1003, 'XII', '1', 1),
(1382, 'SITTI KHOTIJAH', 54610739, 1004, 'XII', '1', 1),
(1383, 'TAMPAN OKTAVIAND', 44145697, 1005, 'XII', '1', 1),
(1384, 'ULFANIYAH', 43970870, 1006, 'XII', '1', 1),
(1385, 'YANUAR ANTAMA SAIYA', 41687682, 1007, 'XII', '1', 1),
(1386, 'ZAKIA DAHLIA KUMALASARI', 44355395, 1008, 'XII', '1', 1),
(1387, 'ACHMAD ZIDAN', 45389180, 1009, 'XII', '2', 1),
(1388, 'ADI GUNAWAN', 48034789, 1010, 'XII', '2', 1),
(1389, 'AHMAD JA\'FAR SHODIQ', 44928751, 1011, 'XII', '2', 1),
(1390, 'ARI FAHURRAHMAN', 34642047, 1012, 'XII', '2', 1),
(1391, 'DHEDEN SANDIKA', 45483496, 1013, 'XII', '2', 1),
(1392, 'DIMAS ADITYA DERMAWAN', 44087942, 1014, 'XII', '2', 1),
(1393, 'EFRILIANSAH PUTRA MAUALANA', 56224016, 1015, 'XII', '2', 1),
(1394, 'FAIKATUL HIKMAH', 56740739, 1016, 'XII', '2', 1),
(1395, 'FERDIANSYAH LUKMANA', 54384263, 1017, 'XII', '2', 1),
(1396, 'GILANG WAGYANT NARENDRA', 49750394, 1018, 'XII', '2', 1),
(1397, 'IKG WISNU SATRYO NUGROHO', 37313734, 1019, 'XII', '2', 1),
(1398, 'MAULANA ALI MUBAROK', 56232307, 1020, 'XII', '2', 1),
(1399, 'MAULITA APRILIANTI', 55723279, 1021, 'XII', '2', 1),
(1400, 'MOCHAMMAD RIZKI FEBRIAN', 51401455, 1022, 'XII', '2', 1),
(1401, 'MOHAMMAD IMRON', 52156021, 1023, 'XII', '2', 1),
(1402, 'MUHAMMAD ADE MARSA', 44746685, 1024, 'XII', '2', 1),
(1403, 'MUHAMMAD AKRAM GHATAFF', 55188756, 1025, 'XII', '2', 1),
(1404, 'MUHAMMAD IQBAL ILYAS', 45133845, 1026, 'XII', '2', 1),
(1405, 'MUHAMMAD KAVIN', 56106946, 1027, 'XII', '2', 1),
(1406, 'MUHAMMAD RIZAL ARIFIN PUTRA', 44409487, 1028, 'XII', '2', 1),
(1407, 'MUHAMMAD ZAUKI', 46027880, 1029, 'XII', '2', 1),
(1408, 'NINDI SEPVIA WINDAYANTI', 55324447, 1030, 'XII', '2', 1),
(1409, 'RAFLI FIRMANSYAH', 51524315, 1031, 'XII', '2', 1),
(1410, 'RISKI ALIFFATUR RAHMAN', 51820513, 1032, 'XII', '2', 1),
(1411, 'SANDHY DWI HARYANTO', 45014563, 1033, 'XII', '2', 1),
(1412, 'SITI NURHALIMAH', 23385591, 1034, 'XII', '2', 1),
(1413, 'SONI IRMANSYAH', 33727452, 1035, 'XII', '2', 1),
(1414, 'TANANDA SERLIAND GADISYAH HAND', 56980487, 1036, 'XII', '2', 1),
(1415, 'VIRGO WARDHANA', 44899797, 1037, 'XII', '2', 1),
(1416, 'YOLANDA EKA WICAKSONO', 42046047, 1038, 'XII', '2', 1),
(1417, 'ZARA SAFIRA', 78534956, 1039, 'XII', '2', 1),
(1418, 'ADITYA', 47163920, 1040, 'XII', '1', 9),
(1419, 'AHMAD RAFLI ALFARIZI', 43149169, 1041, 'XII', '1', 9),
(1420, 'AHMAD ZAYYADI', 56395750, 1042, 'XII', '1', 9),
(1421, 'AJIB ZAUHUDI', 54171125, 1043, 'XII', '1', 9),
(1422, 'AKBAR IMAM RAHMATULLAH', 36061835, 1044, 'XII', '1', 9),
(1423, 'ALDY EKO HARYANTO', 49957845, 1045, 'XII', '1', 9),
(1424, 'ALIF RIFLI ABDILLAH', 46053208, 1046, 'XII', '1', 9),
(1425, 'BAHTIAR PRASETYA WIDIAWAN', 53556036, 1047, 'XII', '1', 9),
(1426, 'DELA ARDISTIKA', 54658646, 1048, 'XII', '1', 9),
(1427, 'IRA HAWA HABSYIAHWATI', 45187239, 1049, 'XII', '1', 9),
(1428, 'ISWATUR RAFI\'AH', 52519804, 1050, 'XII', '1', 9),
(1429, 'MAHFIROH MAUDI RIMBASARI', 56066032, 1051, 'XII', '1', 9),
(1430, 'MOHAMMAD ABDUL GANI MUTTAQIN', 28502143, 1052, 'XII', '1', 9),
(1431, 'MUHAMMAD FARHAN BARLAMAN ANSOR', 44973308, 1053, 'XII', '1', 9),
(1432, 'MUHAMMAD NASRIL IRHAM ALDIANSY', 52893078, 1054, 'XII', '1', 9),
(1433, 'MUHAMMAD NURUL HAFIFI', 54357037, 1055, 'XII', '1', 9),
(1434, 'MUHAMMAD YUDA ARIF FIRMANSYAH', 25459068, 1056, 'XII', '1', 9),
(1435, 'MUSRIATUL JANNAH', 47547213, 1057, 'XII', '1', 9),
(1436, 'NIXON SUPIAN LENTONIUS', 57448697, 1058, 'XII', '1', 9),
(1437, 'RAMADANI', 32889429, 1059, 'XII', '1', 9),
(1438, 'RINTANA ABELA SOFIYA', 49526179, 1060, 'XII', '1', 9),
(1439, 'RIZKY RAMADHAN', 34785459, 1061, 'XII', '1', 9),
(1440, 'SUBAHUL KARIMAH', 47526095, 1062, 'XII', '1', 9),
(1441, 'UMIYATUN MUAYYADAH', 51325225, 1063, 'XII', '1', 9),
(1442, 'YAYANG DWI DARMAWAN', 55481282, 1064, 'XII', '1', 9),
(1443, 'ZAINURRAHMAN', 46550152, 1065, 'XII', '1', 9),
(1444, 'ADAM RAHMAT ANDIKA', 45974787, 1066, 'XII', '1', 14),
(1445, 'GUNAWAN TRI WAHYUDI', 33169119, 1067, 'XII', '1', 14),
(1446, 'HAYYAN TAUHIDY', 44930268, 1068, 'XII', '1', 14),
(1447, 'IGARIA', 49159023, 1069, 'XII', '1', 14),
(1448, 'JOFIAN JOKO YULISTIONO', 48557192, 1070, 'XII', '1', 14),
(1449, 'M. NICCO ANDRIANO', 49185369, 1071, 'XII', '1', 14),
(1450, 'MOCHAMMAD DODIK FIRMANSAH', 43848301, 1072, 'XII', '1', 14),
(1451, 'MOHAMMAD HASBI DWI FEBRIYANTO', 48268146, 1073, 'XII', '1', 14),
(1452, 'MUHAMMAD AFRISA MAULIDI', 52953416, 1074, 'XII', '1', 14),
(1453, 'MUHAMMAD WAFI RIJLI NUROH', 46363571, 1075, 'XII', '1', 14),
(1454, 'PRYALDO AL-MUBASYSYIROT', 48426437, 1076, 'XII', '1', 14),
(1455, 'SUNIATUL HASANAH', 36164358, 1077, 'XII', '1', 14),
(1456, 'TAUFIKUR ROHMAN', 58755508, 1078, 'XII', '1', 14),
(1457, 'ZAIDAN ABDILLAH RAFFIF', 45731259, 1079, 'XII', '1', 14);

-- --------------------------------------------------------

--
-- Table structure for table `users`
--

CREATE TABLE `users` (
  `id` bigint NOT NULL,
  `nama` varchar(30) NOT NULL,
  `username` varchar(50) NOT NULL,
  `password` varchar(255) NOT NULL,
  `role` enum('operator','admin') NOT NULL
) ENGINE=InnoDB DEFAULT CHARSET=latin1;

--
-- Dumping data for table `users`
--

INSERT INTO `users` (`id`, `nama`, `username`, `password`, `role`) VALUES
(4, 'saya', 'admin', '$2y$10$RAqQ8A5KVJsNvd747GBuQumFM0r82ixWK751pv7GUr6zfpkUBZhbu', 'admin'),
(6, 'OKAN', 'okan1', '$2y$10$9n.YUCnDeFxHdwJ/PhmFXOsglg2.EMxUhrOvdOfV0LPSN/uNbf01W', 'operator'),
(7, 'TEST', 'test123', '$2y$10$h7jfkapT.cvKYqRYyMZpxuLlWEV.lbcLCMPnG2FZIJtbILANIgDIS', 'operator'),
(8, 'OPERATOR1', 'operator1', '$2y$10$I3yp9WbaGkzS/8cLxHogi.qopSFuYZiYjRH0lkQof/G0HdMasz1O.', 'operator');

-- --------------------------------------------------------

--
-- Structure for view `data_rekap`
--
DROP TABLE IF EXISTS `data_rekap`;

CREATE ALGORITHM=UNDEFINED DEFINER=`root`@`localhost` SQL SECURITY DEFINER VIEW `data_rekap`  AS SELECT `rekap`.`id` AS `id`, `rekap`.`rata_rata` AS `rata_rata`, `rekap`.`total_jawaban_B` AS `total_jawaban_B`, `rekap`.`total_jawaban_S` AS `total_jawaban_S`, `siswa`.`nisn` AS `nisn`, `siswa`.`nisn` AS `nama`, `siswa`.`kelas` AS `kelas`, `siswa`.`no_kelas` AS `no_kelas`, `jurusan`.`jurusan` AS `jurusan`, `mapel`.`mapel` AS `mapel` FROM (((`rekap` join `siswa` on((`rekap`.`id_siswa` = `siswa`.`id`))) join `mapel` on((`rekap`.`id_mapel` = `mapel`.`id`))) join `jurusan` on((`siswa`.`id_jurusan` = `jurusan`.`id`))) ;

--
-- Indexes for dumped tables
--

--
-- Indexes for table `jurusan`
--
ALTER TABLE `jurusan`
  ADD PRIMARY KEY (`id`);

--
-- Indexes for table `mapel`
--
ALTER TABLE `mapel`
  ADD PRIMARY KEY (`id`);

--
-- Indexes for table `rekap`
--
ALTER TABLE `rekap`
  ADD PRIMARY KEY (`id`),
  ADD KEY `id_mapel` (`id_mapel`),
  ADD KEY `id_siswa` (`id_siswa`);

--
-- Indexes for table `siswa`
--
ALTER TABLE `siswa`
  ADD PRIMARY KEY (`id`),
  ADD KEY `id_jurusan` (`id_jurusan`);

--
-- Indexes for table `users`
--
ALTER TABLE `users`
  ADD PRIMARY KEY (`id`),
  ADD UNIQUE KEY `username` (`username`);

--
-- AUTO_INCREMENT for dumped tables
--

--
-- AUTO_INCREMENT for table `jurusan`
--
ALTER TABLE `jurusan`
  MODIFY `id` bigint NOT NULL AUTO_INCREMENT, AUTO_INCREMENT=16;

--
-- AUTO_INCREMENT for table `mapel`
--
ALTER TABLE `mapel`
  MODIFY `id` bigint NOT NULL AUTO_INCREMENT, AUTO_INCREMENT=118;

--
-- AUTO_INCREMENT for table `rekap`
--
ALTER TABLE `rekap`
  MODIFY `id` bigint NOT NULL AUTO_INCREMENT, AUTO_INCREMENT=3;

--
-- AUTO_INCREMENT for table `siswa`
--
ALTER TABLE `siswa`
  MODIFY `id` bigint NOT NULL AUTO_INCREMENT, AUTO_INCREMENT=1458;

--
-- AUTO_INCREMENT for table `users`
--
ALTER TABLE `users`
  MODIFY `id` bigint NOT NULL AUTO_INCREMENT, AUTO_INCREMENT=9;

--
-- Constraints for dumped tables
--

--
-- Constraints for table `rekap`
--
ALTER TABLE `rekap`
  ADD CONSTRAINT `rekap_ibfk_1` FOREIGN KEY (`id_mapel`) REFERENCES `mapel` (`id`) ON DELETE CASCADE ON UPDATE CASCADE,
  ADD CONSTRAINT `rekap_ibfk_2` FOREIGN KEY (`id_siswa`) REFERENCES `siswa` (`id`) ON DELETE CASCADE ON UPDATE CASCADE;

--
-- Constraints for table `siswa`
--
ALTER TABLE `siswa`
  ADD CONSTRAINT `siswa_ibfk_1` FOREIGN KEY (`id_jurusan`) REFERENCES `jurusan` (`id`) ON DELETE CASCADE ON UPDATE CASCADE;
COMMIT;

/*!40101 SET CHARACTER_SET_CLIENT=@OLD_CHARACTER_SET_CLIENT */;
/*!40101 SET CHARACTER_SET_RESULTS=@OLD_CHARACTER_SET_RESULTS */;
/*!40101 SET COLLATION_CONNECTION=@OLD_COLLATION_CONNECTION */;
